M,N,K,tilelang_ms,tilelang_tflops,kernel_type,baseline_ms,baseline_tflops,speedup,allclose,max_diff,deepgemm_ms,deepgemm_tflops,tilelang_deepgemm_speedup,deepgemm_allclose,deepgemm_max_diff
1,512,1024,0.002275287487055197,0.4608542902669083,swapAB,0.009960558616508873,0.1052728105291268,4.377714321015486,True,0.0,nan,nan,nan,,nan
2,512,1024,0.0020632692729882405,1.0164218638135811,swapAB,0.009085696058788334,0.23081907940024965,4.403543530520128,True,0.0,nan,nan,nan,,nan
3,512,1024,0.002062599120601531,1.5251281592142774,swapAB,0.009005622231374483,0.34930712383655954,4.366152463377424,True,0.0,nan,nan,nan,,nan
4,512,1024,0.0020701379653172637,2.0260987771204864,swapAB,0.009098880290985108,0.4609692474090013,4.395301397020965,True,0.0,nan,nan,nan,,nan
5,512,1024,0.002062288328658703,2.5422633329889086,swapAB,0.009013918648778865,0.5816427021681924,4.370833371607864,True,0.0,nan,nan,nan,,nan
6,512,1024,0.0021126488936112223,2.9779941281420412,swapAB,0.00917817327156533,0.685480194571114,4.3443912044829975,True,0.015625,nan,nan,nan,,nan
7,512,1024,0.002091817634050236,3.5089253864774164,swapAB,0.00918630584332422,0.7990189010889589,4.391542404935863,True,0.0,nan,nan,nan,,nan
8,512,1024,0.0020936378861536225,4.006713890438491,swapAB,0.009045637723454675,0.9273650190797443,4.320535935692818,True,0.0,nan,nan,nan,,nan
12,512,1024,0.002166337424755541,5.808380474902201,swapAB,0.00917219251518227,1.3718543280870017,4.233963006117248,True,0.0,nan,nan,nan,,nan
14,512,1024,0.0021911086171612186,6.69983399500266,swapAB,0.009045030041655681,1.6229978156394085,4.128061005653998,True,0.0,nan,nan,nan,,nan
16,512,1024,0.0021635505588016384,7.754482987119411,swapAB,0.009121323443967351,1.8393401026795178,4.215904919282094,True,0.0,nan,nan,nan,,nan
24,512,1024,0.0022397603881493043,11.23594476139223,swapAB,0.00904502285571045,2.78228418009048,4.038388616732471,True,0.0,nan,nan,nan,,nan
32,512,1024,0.002272268377056993,14.76693173165539,swapAB,0.009084764331456566,3.693484032801564,3.9981035793065134,True,0.03125,nan,nan,nan,,nan
48,512,1024,0.002355723836334567,21.3656826932288,base,0.009239203601489127,5.447617583823762,3.9220232265701576,True,0.0,nan,nan,nan,,nan
64,512,1024,0.002447931346975171,27.414520461500786,base,0.009248132745213166,7.256477155859981,3.777937954281595,True,0.0001220703125,nan,nan,nan,,nan
96,512,1024,0.002432747320695357,41.37844285909119,base,0.009305917617559846,10.817127352390582,3.825270934796433,True,0.0078125,nan,nan,nan,,nan
128,512,1024,0.002669558399067104,50.277127500527186,base,0.00928683101811008,14.452478756021774,3.4787892339629765,True,0.0,nan,nan,nan,,nan
256,512,1024,0.003210931506058941,83.60049272102802,base,0.009394604746045709,28.573363463001186,2.9258191052404396,True,0.5,nan,nan,nan,,nan
512,512,1024,0.004033153558493684,133.11442379112202,base,0.009402934558676681,57.09610214234611,2.3314100051743436,True,0.0078125,nan,nan,nan,,nan
1024,512,1024,0.005718611410535905,187.76268344125467,base,0.009559145226942754,112.32613361429267,1.6715850301230633,True,0.0625,nan,nan,nan,,nan
2048,512,1024,0.00952451290228428,225.46913107598036,base,0.010504608379352761,204.43252812936532,1.1029024252603432,True,0.5,nan,nan,nan,,nan
4096,512,1024,0.0174160277801939,246.610039338843,base,0.018112415550029383,237.12835453319934,1.0399854535502888,True,0.5,nan,nan,nan,,nan
8192,512,1024,0.03331111434104722,257.8699260569364,base,0.03359461420833475,255.69380076014852,1.0085106689732737,True,0.5,nan,nan,nan,,nan
1,512,2048,0.0023196407726832798,0.9040848155010172,splitK_swapAB,0.01655221447060065,0.12669917996319305,7.135680086987618,True,0.0,nan,nan,nan,,nan
2,512,2048,0.0023332425730978558,1.7976287799477297,splitK_swapAB,0.016605209692930563,0.25258964370595494,7.116795263547655,True,0.0,nan,nan,nan,,nan
3,512,2048,0.0023645090334343186,2.6607874662512954,splitK_swapAB,0.01664015058219257,0.37808888621072884,7.037465430201243,True,0.0,nan,nan,nan,,nan
4,512,2048,0.0023845450911588804,3.517907055355018,splitK_swapAB,0.016638775191238624,0.5041601862868571,6.977756576266812,True,0.0,nan,nan,nan,,nan
5,512,2048,0.0024092871157069314,4.352225158902772,splitK_swapAB,0.01666612878309942,0.6291659050800849,6.917452334529775,True,0.0,nan,nan,nan,,nan
6,512,2048,0.002448160328224809,5.139741811404985,splitK_swapAB,0.016534966715214927,0.7609880453174195,6.754037521392496,True,6.103515625e-05,nan,nan,nan,,nan
7,512,2048,0.00247291805314236,5.936332577355689,splitK_swapAB,0.01656176546692917,0.8863827971307415,6.697256080072682,True,0.0,nan,nan,nan,,nan
8,512,2048,0.0025038842327338605,6.70047591684454,splitK_swapAB,0.016544733378271857,1.0140517599415328,6.6076271266773094,True,0.0,nan,nan,nan,,nan
12,512,2048,0.00264861528207416,9.501502226587005,splitK_swapAB,0.01660179299530306,1.515849764367009,6.2681028489354675,True,0.0,nan,nan,nan,,nan
14,512,2048,0.0027045830782608466,10.855694630345658,splitK_swapAB,0.01659665403112901,1.7690389849021113,6.136492594563341,True,7.62939453125e-06,nan,nan,nan,,nan
16,512,2048,0.0027606626953741516,12.154484521497249,splitK_swapAB,0.016776929956571502,2.000034099615274,6.077138646703715,True,0.0,nan,nan,nan,,nan
24,512,2048,0.0030130424884834673,16.704592846725195,splitK_swapAB,0.01658813116172206,3.034196408824087,5.505442165228557,True,0.001953125,nan,nan,nan,,nan
32,512,2048,0.0030500572554919185,22.00249319227175,splitK_swapAB,0.0167801375996588,3.999303557639752,5.5015811816137425,True,0.5,nan,nan,nan,,nan
48,512,2048,0.0034799042818408113,28.927030127032918,splitK,0.016853280263404324,5.972920074116553,4.8430298360072195,True,3.814697265625e-06,nan,nan,nan,,nan
64,512,2048,0.003812936602435712,35.20061883910198,splitK,0.016905029965175872,7.939514350254727,4.433598490564177,True,0.125,nan,nan,nan,,nan
96,512,2048,0.004185019648352335,48.1064866874074,splitK,0.016852754552914094,11.946212790786038,4.026923639306954,True,0.0009765625,nan,nan,nan,,nan
128,512,2048,0.004752705194049594,56.480561078369064,base,0.016884902659116185,15.897956974899781,3.5526930389572975,True,0.25,nan,nan,nan,,nan
256,512,2048,0.005823152349484677,92.19592409384767,base,0.01709285844821719,31.409077283735208,2.935327366066566,True,0.5,nan,nan,nan,,nan
512,512,2048,0.007136812064853416,150.45118383988913,base,0.01709130162778108,62.82387657676609,2.3948089808824355,True,0.25,nan,nan,nan,,nan
1024,512,2048,0.009684462531083295,221.745258563129,base,0.017324408706353635,123.95711071007126,1.78888695689091,True,0.25,nan,nan,nan,,nan
2048,512,2048,0.016396220890965506,261.9486114856243,base,0.01846179872453388,232.64078219488005,1.1259788976560159,True,0.5,nan,nan,nan,,nan
4096,512,2048,0.03154190668450578,272.3340309740883,base,0.03242544040645688,264.9134286018667,1.0280114240013625,True,0.5,nan,nan,nan,,nan
8192,512,2048,0.06188101082575383,277.62748143167096,base,0.06252714376200917,274.758579240242,1.010441538165476,True,0.5,nan,nan,nan,,nan
1,1024,2048,0.002525728082560139,1.6606316526949934,splitK_swapAB,0.016707937132215807,0.2510366161189733,6.615097344635863,True,0.0,nan,nan,nan,,nan
2,1024,2048,0.00254864510028593,3.291399025725037,splitK_swapAB,0.01667474649150115,0.5030725956928663,6.542592567961081,True,0.0,nan,nan,nan,,nan
3,1024,2048,0.0025950968265533447,4.848725439162856,splitK_swapAB,0.016801387585137335,0.7489210004970638,6.4742815810275385,True,3.814697265625e-06,nan,nan,nan,,nan
4,1024,2048,0.002665078376140633,6.295205480709168,splitK_swapAB,0.01678687062328422,0.9994248705729089,6.298828122118387,True,0.0,nan,nan,nan,,nan
5,1024,2048,0.0026559357891579667,7.896094508613393,splitK_swapAB,0.016721104309622165,1.2541946758822582,6.295748706682173,True,0.0,nan,nan,nan,,nan
6,1024,2048,0.002677759885787964,9.398088354958924,splitK_swapAB,0.016654297718225262,1.5110708614545985,6.219488837149613,True,0.00390625,nan,nan,nan,,nan
7,1024,2048,0.002718087686485503,10.801758952067786,splitK_swapAB,0.01664526780726698,1.7638723714124909,6.123889192401063,True,0.00390625,nan,nan,nan,,nan
8,1024,2048,0.002810838722413586,11.93751592093757,splitK_swapAB,0.016568211371025432,2.025229594709309,5.894401282759755,True,0.0,nan,nan,nan,,nan
12,1024,2048,0.0029139879471314456,17.272428339845025,splitK_swapAB,0.016637405186234022,3.0252102077579366,5.709496912165346,True,0.0078125,nan,nan,nan,,nan
14,1024,2048,0.0030265122898354016,19.40195524637818,splitK_swapAB,0.016550821076232805,3.5478757053523498,5.468611884319468,True,0.000244140625,nan,nan,nan,,nan
16,1024,2048,0.0030709718125891015,21.852647336225882,splitK_swapAB,0.016799497354717155,3.9946947568140425,5.470417307592833,True,0.00048828125,nan,nan,nan,,nan
24,1024,2048,0.0033618901266342753,29.942470517553204,splitK_swapAB,0.01659098553615923,6.067348788931757,4.935017181173954,True,0.125,nan,nan,nan,,nan
32,1024,2048,0.0034757354455385993,38.61563404438039,splitK_swapAB,0.01680600089511053,7.986297801462618,4.83523592587648,True,0.03125,nan,nan,nan,,nan
48,1024,2048,0.004137244489457872,48.662000158076474,splitK,0.016885427739416252,11.923096951227135,4.081322189791315,True,0.015625,nan,nan,nan,,nan
64,1024,2048,0.0045754397519722515,58.66877733102931,splitK,0.016932884560982096,15.852907697637486,3.700821227879385,True,0.25,nan,nan,nan,,nan
96,1024,2048,0.005178501008851437,77.75477562170181,splitK,0.01696346821530772,23.73648943066068,3.2757487516778765,True,0.03125,nan,nan,nan,,nan
128,1024,2048,0.006027491675482856,89.07036971676811,base,0.01695693125027464,31.66085325676512,2.8132649803977103,True,0.125,nan,nan,nan,,nan
256,1024,2048,0.007230217446757771,148.50754239507629,base,0.0171375039112137,62.654504971252614,2.370261204094025,True,0.25,nan,nan,nan,,nan
512,1024,2048,0.009670925383665124,222.05565267076216,base,0.017265628839107774,124.3791157571863,1.7853130030628341,True,0.25,nan,nan,nan,,nan
1024,1024,2048,0.016465850427848143,260.84090310550044,base,0.018239514005163295,235.47597237427314,1.1077177024707703,True,0.5,nan,nan,nan,,nan
2048,1024,2048,0.031696965375284505,271.00179750008317,base,0.03215089594187284,267.1755899907162,1.0143209471699863,True,0.5,nan,nan,nan,,nan
4096,1024,2048,0.06210016224482288,276.64773428884627,base,0.06257109355589527,274.5655894387251,1.007583415148189,True,0.5,nan,nan,nan,,nan
8192,1024,2048,0.1224391463351279,280.62706574214457,base,0.12073102162223162,284.59742911405084,0.9860491945262263,True,0.5,nan,nan,nan,,nan
1,1024,2560,0.0027803151294438526,1.8857143006838708,splitK_swapAB,0.020419980920672987,0.2567524436172299,7.344484337197274,True,0.0,nan,nan,nan,,nan
2,1024,2560,0.00280151909047907,3.7428836503865823,splitK_swapAB,0.020656382638301576,0.5076280868537478,7.373279271414587,True,0.0,nan,nan,nan,,nan
3,1024,2560,0.0028159519235691232,5.585549905292589,splitK_swapAB,0.020517959416573743,0.7665791553956829,7.286331575777731,True,0.0,nan,nan,nan,,nan
4,1024,2560,0.0028459355235099792,7.368937147998063,splitK_swapAB,0.0204454502995587,1.025730404208933,7.184087668417274,True,0.0,nan,nan,nan,,nan
5,1024,2560,0.0028669918940319276,9.143520794240539,splitK_swapAB,0.020461875217854097,1.2811338022981644,7.137053739303745,True,0.0,nan,nan,nan,,nan
6,1024,2560,0.0028968692065724426,10.859061199114356,splitK_swapAB,0.020425960288278106,1.5400637010957308,7.051046779031482,True,0.0,nan,nan,nan,,nan
7,1024,2560,0.0029219672328136006,12.56008609126699,splitK_swapAB,0.02041812925678349,1.7974300945228443,6.987802268105042,True,0.0625,nan,nan,nan,,nan
8,1024,2560,0.002946072865111625,14.23693232326445,splitK_swapAB,0.02032917912118692,2.063193980926031,6.900433238407585,True,0.0,nan,nan,nan,,nan
12,1024,2560,0.003062213330681415,20.545452979920253,splitK_swapAB,0.020522438894015504,3.065647329974331,6.701831870560363,True,0.0,nan,nan,nan,,nan
14,1024,2560,0.0031141526249039127,23.569917355050883,splitK_swapAB,0.020374193430921173,3.602612307027723,6.542451795068914,True,0.0,nan,nan,nan,,nan
16,1024,2560,0.0031819758884399293,26.36288989641841,splitK_swapAB,0.020671810724038994,4.057993811952327,6.496532798736587,True,0.0,nan,nan,nan,,nan
24,1024,2560,0.003552811382750227,35.41677461711909,splitK_swapAB,0.020302310186123378,6.197773497028144,5.71443513289112,True,0.00390625,nan,nan,nan,,nan
32,1024,2560,0.0036874239444732665,45.498473331621646,splitK_swapAB,0.020664377730022103,8.11890695146621,5.604014629506867,True,0.0,nan,nan,nan,,nan
48,1024,2560,0.004404048033559004,57.14248302524295,splitK,0.02058147522340338,12.227415054963464,4.673308525831644,True,0.25,nan,nan,nan,,nan
64,1024,2560,0.0048285034186693375,69.49240601189653,splitK,0.020658910452217735,16.242111159544685,4.278532841530227,True,0.03125,nan,nan,nan,,nan
96,1024,2560,0.005487191994547077,91.72569148303415,splitK,0.020630422075174303,24.396809632201748,3.7597412475590213,True,0.25,nan,nan,nan,,nan
128,1024,2560,0.007587944808071607,88.44142346503833,base,0.020741267038891415,32.35523841150394,2.7334499081791,True,0.125,nan,nan,nan,,nan
256,1024,2560,0.008625623985455556,155.60349978890412,base,0.020860053967292257,64.34198502575694,2.4183820211113165,True,1.0,nan,nan,nan,,nan
512,1024,2560,0.011257502431595184,238.45027583259673,base,0.0210115390657028,127.75620822473115,1.8664476595387662,True,0.125,nan,nan,nan,,nan
1024,1024,2560,0.02035069384542452,263.80963522809105,base,0.022128959894180296,242.61009761294378,1.0873811017090007,True,1.0,nan,nan,nan,,nan
2048,1024,2560,0.03814664436904986,281.47739906348784,base,0.03953667165343665,271.5812381507504,1.036439044832855,True,0.5,nan,nan,nan,,nan
4096,1024,2560,0.07543540474049895,284.6784815946088,base,0.07747678676573168,277.1776860717514,1.027061325278961,True,0.5,nan,nan,nan,,nan
8192,1024,2560,0.15140781057886332,283.66880675306334,base,0.14914096292516954,287.98039195676716,0.9850281987103099,True,0.5,nan,nan,nan,,nan
1,1024,3584,0.00311864187505181,2.353598872226411,splitK_swapAB,0.0279423070940078,0.2626852526996263,8.959767813527353,True,0.0,nan,nan,nan,,nan
2,1024,3584,0.0031172962596354853,4.709229658433743,splitK_swapAB,0.028105551958804403,0.5223190073447852,9.01600284924182,True,0.125,nan,nan,nan,,nan
3,1024,3584,0.003152895927429199,6.984085902878086,splitK_swapAB,0.028001773788268305,0.7863821830181913,8.881287055707013,True,0.0,nan,nan,nan,,nan
4,1024,3584,0.0031680639632447752,9.267530056409893,splitK_swapAB,0.02793380993754924,1.0510606346087246,8.817312485363788,True,6.103515625e-05,nan,nan,nan,,nan
5,1024,3584,0.0031966415962370316,11.480849164698999,splitK_swapAB,0.027903363790856787,1.315259345614298,8.72896224077907,True,0.0,nan,nan,nan,,nan
6,1024,3584,0.003227848373725267,13.643823036573776,splitK_swapAB,0.02783174584381772,1.5823725987991757,8.62238327870929,True,0.0625,nan,nan,nan,,nan
7,1024,3584,0.0032686080932617188,15.719297797102396,splitK_swapAB,0.027739913205066358,1.852212860947814,8.4867663585159,True,0.0078125,nan,nan,nan,,nan
8,1024,3584,0.003294542638382109,17.823492498138215,splitK_swapAB,0.027725753234643467,2.1178957881883167,8.4156607693076,True,0.0,nan,nan,nan,,nan
12,1024,3584,0.003457282611984528,25.47676712764903,splitK_swapAB,0.027797357804205666,3.1686602957160797,8.040233016487361,True,7.62939453125e-06,nan,nan,nan,,nan
14,1024,3584,0.0034687999486923216,29.624207080243682,splitK_swapAB,0.028026314056506393,3.666570202303997,8.079541764024713,True,0.125,nan,nan,nan,,nan
16,1024,3584,0.0035353599786758427,33.218827137367484,splitK_swapAB,0.02827300507984091,4.153803660712986,7.997206861641985,True,6.103515625e-05,nan,nan,nan,,nan
24,1024,3584,0.00410679521330868,42.89494821390774,splitK_swapAB,0.027692722412477055,6.361265800311136,6.743146656725097,True,0.03125,nan,nan,nan,,nan
32,1024,3584,0.0042452905364409235,55.32743212362435,splitK_swapAB,0.02821356594707554,8.325109432838158,6.645850432354302,True,0.5,nan,nan,nan,,nan
48,1024,3584,0.005087329130772579,69.25471636361284,splitK,0.028176566183348715,12.504062195066506,5.538577406543721,True,0.25,nan,nan,nan,,nan
64,1024,3584,0.005244980057441171,89.56412471645874,splitK,0.028215355571238044,16.64916278704857,5.37949720727885,True,0.03125,nan,nan,nan,,nan
96,1024,3584,0.006989539502829119,100.8139480025523,splitK,0.028348143703966256,24.85676238128466,4.055795620368399,True,0.125,nan,nan,nan,,nan
128,1024,3584,0.009536669229381175,98.51700561297173,base,0.028377137701195407,33.108487046613654,2.9755816227503544,True,0.25,nan,nan,nan,,nan
256,1024,3584,0.011488749032036515,163.55550867725037,base,0.02848353134349594,65.96963590433005,2.4792543787029615,True,0.125,nan,nan,nan,,nan
512,1024,3584,0.015897990483317883,236.38813898797176,base,0.02871747665174778,130.86443595214965,1.8063589031507894,True,0.25,nan,nan,nan,,nan
1024,1024,3584,0.027469620997264868,273.618364401474,base,0.02996601443511146,250.82390533701428,1.0908783356747134,True,0.5,nan,nan,nan,,nan
2048,1024,3584,0.0536907757220625,279.98078503870306,base,0.05423699278420153,277.1611176123084,1.0101733874169856,True,0.5,nan,nan,nan,,nan
4096,1024,3584,0.1062971886168135,282.83693541867126,base,0.10514298259472767,285.9417750006607,0.9891417069717,True,1.0,nan,nan,nan,,nan
8192,1024,3584,0.2091046370984115,287.5571913582245,base,0.2066980101463553,290.90527819510436,0.988490800656307,True,0.5,nan,nan,nan,,nan
1,1024,5120,0.0031961369322579154,3.2807605625933927,splitK_swapAB,0.039558436691502025,0.2650701311018329,12.376953031094294,True,0.0,nan,nan,nan,,nan
2,1024,5120,0.0032012825738452003,6.550974341140461,splitK_swapAB,0.03912767589601696,0.5359766334124336,12.22249988666855,True,0.0,nan,nan,nan,,nan
3,1024,5120,0.003267096655984079,9.628512196718216,splitK_swapAB,0.03933085234676612,0.7998118048053564,12.03847222417707,True,0.0,nan,nan,nan,,nan
4,1024,5120,0.003322869718433143,12.622535204232355,splitK_swapAB,0.039205005345027834,1.0698389052845625,11.79853821157769,True,0.0,nan,nan,nan,,nan
5,1024,5120,0.003354024961281614,15.631606981233173,splitK_swapAB,0.03936892780850251,1.3317304513606019,11.737815986157468,True,0.0009765625,nan,nan,nan,,nan
6,1024,5120,0.0033850040030382906,18.586258670160966,splitK_swapAB,0.039252281188964844,1.602825570751476,11.595933462333583,True,7.62939453125e-06,nan,nan,nan,,nan
7,1024,5120,0.0034472258581269176,21.292576413859567,splitK_swapAB,0.039316866519677376,1.8668914004951151,11.405364237155196,True,0.00048828125,nan,nan,nan,,nan
8,1024,5120,0.0034768494134096756,24.127038598929317,splitK_swapAB,0.03943455934524536,2.1272224513931124,11.342038338834092,True,0.03125,nan,nan,nan,,nan
12,1024,5120,0.003664032013000611,34.341708684186386,splitK_swapAB,0.0391426672580862,3.2146281491332425,10.682949035161629,True,0.0625,nan,nan,nan,,nan
14,1024,5120,0.0037294778239774897,39.36225040840625,splitK_swapAB,0.03912158269749185,3.752420783564353,10.489828481073703,True,0.0,nan,nan,nan,,nan
16,1024,5120,0.0038285991440900422,43.82076934300602,splitK_swapAB,0.039731527212709665,4.222645636091522,10.37756258030842,True,0.0009765625,nan,nan,nan,,nan
24,1024,5120,0.004918557454328069,51.16505039064943,splitK_swapAB,0.039208539126423254,6.418454898014896,7.971552531509381,True,0.25,nan,nan,nan,,nan
32,1024,5120,0.0051096564591533,65.66866533637794,splitK_swapAB,0.039889282488195135,8.41189159266781,7.806646651701712,True,0.125,nan,nan,nan,,nan
48,1024,5120,0.0055965093637673595,89.93400122914943,splitK,0.03959066859008939,12.713007835538138,7.07417177685886,True,0.0625,nan,nan,nan,,nan
64,1024,5120,0.006371814408445488,105.32143546279518,splitK,0.039598265038915434,16.947425331399838,6.214597993693935,True,0.5,nan,nan,nan,,nan
96,1024,5120,0.008583665975857992,117.27308155177609,splitK,0.039942898490424546,25.20180052134471,4.653361233156792,True,0.0625,nan,nan,nan,,nan
128,1024,5120,0.012951455607256131,103.63138481886446,base,0.03998132185502486,33.570107683453564,3.0870137741602632,True,0.5,nan,nan,nan,,nan
256,1024,5120,0.015761361110200475,170.31235698690597,base,0.04007119354524641,66.98963326283156,2.5423688515906813,True,0.5,nan,nan,nan,,nan
512,1024,5120,0.021196976728332362,253.27711535504312,base,0.04030113844816579,133.21482535549424,1.901268231063271,True,0.5,nan,nan,nan,,nan
1024,1024,5120,0.038578431289083455,278.32697912313427,base,0.041716629431313546,257.3894004950511,1.0813459240660754,True,0.5,nan,nan,nan,,nan
2048,1024,5120,0.07560837998682138,284.0272002090653,base,0.07635937256066977,281.2337995959515,1.009932663204519,True,0.5,nan,nan,nan,,nan
4096,1024,5120,0.1513392629940344,283.7972916631226,base,0.14869096879913765,288.85192763804963,0.9825009442856798,True,1.0,nan,nan,nan,,nan
8192,1024,5120,0.299313673332556,286.98771079716266,base,0.29276064760196285,293.4115176462811,0.978106493907773,True,1.0,nan,nan,nan,,nan
1,2048,1024,0.002230023729225235,1.880833797879453,swapAB,0.010073722834792433,0.4163608696393544,4.517316431557565,True,0.0,nan,nan,nan,,nan
2,2048,1024,0.002267027467870625,3.700267473106207,swapAB,0.009455711758580385,0.8871471777243989,4.170973617475377,True,0.0,nan,nan,nan,,nan
3,2048,1024,0.002241704308515957,5.613100689595446,swapAB,0.009243594741150867,1.3612574276956426,4.123467446636738,True,0.03125,nan,nan,nan,,nan
4,2048,1024,0.002245465586008119,7.471597919176188,swapAB,0.009220799299171953,1.8194969281574787,4.106408647110129,True,0.0,nan,nan,nan,,nan
5,2048,1024,0.0022939835167451812,9.141966298762009,swapAB,0.009403526266484781,2.2301761494243753,4.099212656866417,True,0.0,nan,nan,nan,,nan
6,2048,1024,0.002303531209191123,10.924889534636213,swapAB,0.009346735539428077,2.692472028746401,4.057568441935784,True,1.52587890625e-05,nan,nan,nan,,nan
7,2048,1024,0.0022692403127980787,12.93830707766583,swapAB,0.009258143608151161,3.171275932050829,4.079842736768342,True,0.0,nan,nan,nan,,nan
8,2048,1024,0.002269456655393026,14.785227080791735,swapAB,0.009223043063040556,3.6381085690104245,4.063987316577898,True,0.00390625,nan,nan,nan,,nan
12,2048,1024,0.002303532098285459,21.849770635912705,swapAB,0.009201107502261035,5.4701728012233035,3.9943474237278953,True,0.0,nan,nan,nan,,nan
14,2048,1024,0.00235747145196206,24.908151465049006,swapAB,0.00927408023099694,6.331652793312929,3.933909877584466,True,0.125,nan,nan,nan,,nan
16,2048,1024,0.0023579194650545227,28.461050088684104,swapAB,0.0093676367340538,7.163905465723473,3.972839985795355,True,0.0625,nan,nan,nan,,nan
24,2048,1024,0.0024824243165463672,40.55039878921512,swapAB,0.009212937651638779,10.926297322992761,3.7112662771754223,True,0.0625,nan,nan,nan,,nan
32,2048,1024,0.002536405506221929,52.91651026255747,swapAB,0.009327369882806759,14.389665005931091,3.677396954046289,True,0.03125,nan,nan,nan,,nan
48,2048,1024,0.0031527966889651014,63.85650958866143,base,0.009375346474128195,21.474042858636984,2.9736603400219987,True,0.0625,nan,nan,nan,,nan
64,2048,1024,0.0032960267398703127,81.44213539073472,base,0.00937920362957602,28.620282339699497,2.8456090832397374,True,0.25,nan,nan,nan,,nan
96,2048,1024,0.0038192894580067944,105.42620255081061,base,0.009435019009355186,42.67645710101419,2.470359765368274,True,0.015625,nan,nan,nan,,nan
128,2048,1024,0.004283035666471327,125.34822350482851,base,0.00942174332815817,56.98212032538476,2.1997816646529307,True,0.125,nan,nan,nan,,nan
256,2048,1024,0.005579755217039666,192.43529191405509,base,0.009541492050179807,112.533953636713,1.7100198268629492,True,0.125,nan,nan,nan,,nan
512,2048,1024,0.009695822562395755,221.48545254208685,base,0.010461541147744429,205.27411952712248,1.0789740716087808,True,0.25,nan,nan,nan,,nan
1024,2048,1024,0.0176043837037805,243.97146575927368,base,0.018234104797253042,235.54582710564625,1.0357706980300203,True,0.25,nan,nan,nan,,nan
2048,2048,1024,0.033789330622509814,254.2203243966469,base,0.03392155733131724,253.22936998737245,1.0039132680751994,True,0.5,nan,nan,nan,,nan
4096,2048,1024,0.06523029962626894,263.37253212740853,base,0.06466267407155951,265.6844838335598,0.9912981305012917,True,0.5,nan,nan,nan,,nan
8192,2048,1024,0.129454213922674,265.4200070190366,base,0.1269047144297007,270.75226103624146,0.9803057821316177,True,0.5,nan,nan,nan,,nan
1,2048,2048,0.0030405162082564443,2.7589420432033704,splitK_swapAB,0.01759396370349743,0.47678897952554394,5.786505480786937,True,0.0,nan,nan,nan,,nan
2,2048,2048,0.0031209561929284816,5.375665329111032,splitK_swapAB,0.017123786589938912,0.9797608672521918,5.486711613811913,True,0.015625,nan,nan,nan,,nan
3,2048,2048,0.003160417558677704,7.962816157283091,splitK_swapAB,0.017454983206356273,1.441755841439928,5.522999060180932,True,0.0,nan,nan,nan,,nan
4,2048,2048,0.0031218635269915722,10.748205906468693,splitK_swapAB,0.01694232764747918,1.9805089771707078,5.426991763411866,True,1.52587890625e-05,nan,nan,nan,,nan
5,2048,2048,0.0031747912791803864,13.211274793103293,splitK_swapAB,0.016860555811910313,2.4876427840161353,5.310760402574585,True,0.0001220703125,nan,nan,nan,,nan
6,2048,2048,0.003165492992439194,15.9000977478761,splitK_swapAB,0.01682724537935719,2.991080647207077,5.315837191726282,True,0.125,nan,nan,nan,,nan
7,2048,2048,0.0032512515603416643,18.060815938164215,splitK_swapAB,0.01686669971387295,3.481431281527013,5.187755976686245,True,0.0,nan,nan,nan,,nan
8,2048,2048,0.0032309016487637506,20.770939909507323,splitK_swapAB,0.01684745069573687,3.9833245523004512,5.214473396979837,True,0.125,nan,nan,nan,,nan
12,2048,2048,0.003504480890377251,28.72416747267918,splitK_swapAB,0.016901639855426292,5.955830136072975,4.822865463993687,True,0.125,nan,nan,nan,,nan
14,2048,2048,0.0034906293203931056,33.644509691671914,splitK_swapAB,0.01681979156606269,6.9822810549543215,4.818555630584255,True,0.001953125,nan,nan,nan,,nan
16,2048,2048,0.003739167354544815,35.8950844596093,splitK_swapAB,0.017026349593366373,7.882942098891973,4.553513651286963,True,0.25,nan,nan,nan,,nan
24,2048,2048,0.00463655792859446,43.42156295694783,splitK_swapAB,0.01680145376199818,11.982688810855402,3.6236911132676006,True,0.5,nan,nan,nan,,nan
32,2048,2048,0.004784480842177519,56.10545111469801,splitK_swapAB,0.016951119500484193,15.835854144756185,3.5429381075271222,True,0.25,nan,nan,nan,,nan
48,2048,2048,0.005086340727629485,79.16362775555906,splitK,0.017055592441501004,23.608278949034496,3.3532146890697683,True,0.125,nan,nan,nan,,nan
64,2048,2048,0.0056120217820044655,95.66443838859155,splitK,0.017072123137361696,31.447225847679032,3.0420628786768513,True,0.125,nan,nan,nan,,nan
96,2048,2048,0.00727433832282694,110.70510227341795,base,0.017250709284364788,46.6825076421577,2.371447205064948,True,0.25,nan,nan,nan,,nan
128,2048,2048,0.00729327189647938,147.2236109171137,base,0.017164624736058308,62.5555082334165,2.353487567677827,True,0.25,nan,nan,nan,,nan
256,2048,2048,0.00982546201212152,218.56312154590623,base,0.017348011823586015,123.78845886422117,1.7656179223108333,True,0.5,nan,nan,nan,,nan
512,2048,2048,0.01673970092721537,256.57371745616143,base,0.018406632299509652,233.33802871231458,1.099579519343992,True,0.25,nan,nan,nan,,nan
1024,2048,2048,0.0322783001623918,266.1210332881263,base,0.03241635912827508,264.98764275188,1.0042771448678742,True,0.5,nan,nan,nan,,nan
2048,2048,2048,0.06258730863401403,274.49445516919604,base,0.0627473190900715,273.7944733437762,1.0025565958906006,True,0.5,nan,nan,nan,,nan
4096,2048,2048,0.1232056995429615,278.8810785171416,base,0.122164126345465,281.25882283015653,0.9915460631986972,True,0.5,nan,nan,nan,,nan
8192,2048,2048,0.24672807304604538,278.52313637279246,base,0.24177836628703328,284.22508511128717,0.9799386154242433,True,0.5,nan,nan,nan,,nan
1,2048,6144,0.004830734241323104,5.209523592651054,splitK_swapAB,0.04770477350814875,0.5275326167453928,9.875263495158192,True,0.03125,nan,nan,nan,,nan
2,2048,6144,0.004840344190597534,10.398361359874002,splitK_swapAB,0.04705946520877291,1.0695329361842616,9.722338609759792,True,0.0,nan,nan,nan,,nan
3,2048,6144,0.004997609621025177,15.106716555526589,splitK_swapAB,0.04712823071799252,1.6019585469219988,9.430154472194438,True,0.00390625,nan,nan,nan,,nan
4,2048,6144,0.005016418529947999,20.066765840816615,splitK_swapAB,0.04704989385546636,2.139501022238857,9.379180300562778,True,0.0,nan,nan,nan,,nan
5,2048,6144,0.005011534116354333,25.107904501612985,splitK_swapAB,0.046838872166198545,2.686425060653042,9.346214368440084,True,0.0,nan,nan,nan,,nan
6,2048,6144,0.0050801436106363935,29.722573921701546,splitK_swapAB,0.04682022075911779,3.224994277084761,9.216318346018683,True,0.0078125,nan,nan,nan,,nan
7,2048,6144,0.005159761088777823,34.14126448279539,splitK_swapAB,0.04702066405045854,3.746454278292612,9.112953728172746,True,0.00048828125,nan,nan,nan,,nan
8,2048,6144,0.005254709672543311,38.31355194597397,splitK_swapAB,0.04708700525885209,4.275629568991367,8.960914720919623,True,0.0009765625,nan,nan,nan,,nan
12,2048,6144,0.005521548371161184,54.692971554370615,splitK_swapAB,0.04695896525959392,6.4309314809338165,8.504673345769936,True,0.015625,nan,nan,nan,,nan
14,2048,6144,0.005610496044158936,62.79686024675136,splitK_swapAB,0.04703108872039409,7.4912477169005625,8.382697064613023,True,0.03125,nan,nan,nan,,nan
16,2048,6144,0.005729573977162824,70.27628678936897,splitK_swapAB,0.04761288403884628,8.456811472950983,8.310021692472025,True,0.000244140625,nan,nan,nan,,nan
24,2048,6144,0.009215480657426629,65.53969331087045,splitK_swapAB,0.046949224395088945,12.8645314972057,5.0946039756757795,True,0.0625,nan,nan,nan,,nan
32,2048,6144,0.00948498166840652,84.90331306410334,splitK_swapAB,0.0475863281513407,16.923061712995633,5.017018462971391,True,0.25,nan,nan,nan,,nan
48,2048,6144,0.01035419373451247,116.66379661930067,splitK,0.0477999997138977,25.271120485985893,4.616486897919568,True,0.5,nan,nan,nan,,nan
64,2048,6144,0.011729886383510014,137.3084685853577,splitK,0.04759760668678005,33.838103386138066,4.057806284781515,True,0.25,nan,nan,nan,,nan
96,2048,6144,0.01719060499816729,140.5371773859945,splitK,0.047947913101038984,50.386324403921755,2.789192882167368,True,1.0,nan,nan,nan,,nan
128,2048,6144,0.01965312841461926,163.9039548331575,base,0.04820498853626817,66.82348797939106,2.452789577277183,True,0.25,nan,nan,nan,,nan
256,2048,6144,0.02578677612097085,249.83545495478742,base,0.0483649335320771,133.2049994388428,1.8755711572934775,True,1.0,nan,nan,nan,,nan
512,2048,6144,0.04721802359437199,272.8810082922611,base,0.04957903420624736,259.88610093531025,1.0500023175929114,True,1.0,nan,nan,nan,,nan
1024,2048,6144,0.09154588711783915,281.49602988530495,base,0.09099682550581675,283.19453599348617,0.9940023344651668,True,1.0,nan,nan,nan,,nan
2048,2048,6144,0.18397545241604452,280.14393700441974,base,0.178256845115719,289.13115520776796,0.9689164656195904,True,1.0,nan,nan,nan,,nan
4096,2048,6144,0.36374155217951,283.3858669331498,base,0.35267438461531453,292.2787126046463,0.9695740904554845,True,1.0,nan,nan,nan,,nan
8192,2048,6144,0.7414167929386747,278.0601035361929,base,0.7097319696182596,290.4736422101509,0.9572644919535349,True,1.0,nan,nan,nan,,nan
1,2560,4096,0.004456563254956988,4.705760650131825,splitK_swapAB,0.03356216095831701,0.6248560700857692,7.530951326896611,True,0.000244140625,nan,nan,nan,,nan
2,2560,4096,0.004495808802752856,9.329364712822665,splitK_swapAB,0.03254519046998683,1.2887630827872976,7.239006794519128,True,0.0,nan,nan,nan,,nan
3,2560,4096,0.004503725757521967,13.969447383629493,splitK_swapAB,0.032124742523325964,1.9584455798927374,7.132925993478251,True,0.0009765625,nan,nan,nan,,nan
4,2560,4096,0.0045915502142235935,18.26966407557511,splitK_swapAB,0.03196491225042736,2.6243175436490827,6.961681950337214,True,0.0078125,nan,nan,nan,,nan
5,2560,4096,0.004688678606592044,22.363998217445644,splitK_swapAB,0.032009206585327535,3.27585751682033,6.826914205704826,True,0.001953125,nan,nan,nan,,nan
6,2560,4096,0.004808192014694214,26.16973690224024,splitK_swapAB,0.03214720717999114,3.91415401330159,6.68592416478933,True,0.0625,nan,nan,nan,,nan
7,2560,4096,0.004773526306611946,30.753080756392247,splitK_swapAB,0.03214164757954209,4.567302893752014,6.733313176680683,True,0.125,nan,nan,nan,,nan
8,2560,4096,0.0049428482055664065,33.94240588069501,splitK_swapAB,0.03215344514020051,5.217859525424211,6.50504401571361,True,0.0,nan,nan,nan,,nan
12,2560,4096,0.00508323245578342,49.50752148146938,splitK_swapAB,0.03213421493933548,7.831473103515757,6.321610356963895,True,0.0625,nan,nan,nan,,nan
14,2560,4096,0.005188266677085799,56.58947357056694,splitK_swapAB,0.03210369032734951,9.145405933282305,6.187748688620196,True,0.5,nan,nan,nan,,nan
16,2560,4096,0.005509140501060639,60.90683654472051,splitK_swapAB,0.03263050745548814,10.283147464308424,5.922976088412703,True,0.5,nan,nan,nan,,nan
24,2560,4096,0.007664971747379071,65.66449252368112,splitK_swapAB,0.032085333456540244,15.68680845040133,4.185968913389846,True,0.0009765625,nan,nan,nan,,nan
32,2560,4096,0.008168258013263825,82.15810995566854,splitK_swapAB,0.03258925658095781,20.592327362021603,3.9897437774417193,True,0.25,nan,nan,nan,,nan
48,2560,4096,0.010602520753259528,94.94279553195227,base,0.032634365007535096,30.845795828035076,3.07798171463162,True,0.0078125,nan,nan,nan,,nan
64,2560,4096,0.011083705608661358,121.09463453731178,base,0.03268328896404183,41.06616324558597,2.9487691317334774,True,0.5,nan,nan,nan,,nan
96,2560,4096,0.015720542097266338,128.06593484776133,splitK,0.03289195104817114,61.208467599003725,2.092291146492382,True,0.25,nan,nan,nan,,nan
128,2560,4096,0.01752483519163426,153.1743112358293,base,0.032946141096797305,81.47705529801627,1.8799686694072097,True,0.125,nan,nan,nan,,nan
256,2560,4096,0.029336412535206732,183.00496400359089,base,0.03342107098628387,160.6384523764465,1.1392351040255901,True,0.25,nan,nan,nan,,nan
512,2560,4096,0.046059894728202884,233.118601407167,base,0.06044824118486909,177.62995299005826,1.3123833986501947,True,0.5,nan,nan,nan,,nan
1024,2560,4096,0.08059685458988594,266.4475752716889,base,0.08989990102073361,238.8749735669593,1.1154269168218274,True,1.0,nan,nan,nan,,nan
2048,2560,4096,0.1523956990348283,281.8299547297876,base,0.15053782958984374,285.3081718862357,0.9878089115588494,True,1.0,nan,nan,nan,,nan
4096,2560,4096,0.30550682508474425,281.1699735224326,base,0.2972143752665459,289.014775422502,0.9728567444740455,True,1.0,nan,nan,nan,,nan
8192,2560,4096,0.6165282008159592,278.6550422391528,base,0.5981865662794847,287.199180865142,0.9702501288469858,True,1.0,nan,nan,nan,,nan
1,2560,9216,0.0071674775104133455,6.583337015211479,splitK_swapAB,0.07181380724123386,0.657059161917082,10.019397638415803,True,0.001953125,nan,nan,nan,,nan
2,2560,9216,0.007291373478839675,12.942944189304924,splitK_swapAB,0.07050731705456245,1.3384687425699358,9.669963726200836,True,0.0,nan,nan,nan,,nan
3,2560,9216,0.007403050116198268,19.12154554921411,splitK_swapAB,0.07018614396816347,2.0168904002506647,9.480706312468756,True,0.0009765625,nan,nan,nan,,nan
4,2560,9216,0.007586768695286342,24.87800637935178,splitK_swapAB,0.06977518994251346,2.7050256710945906,9.196957590899636,True,0.03125,nan,nan,nan,,nan
5,2560,9216,0.007639790924502091,30.881682801467015,splitK_swapAB,0.07024468445196384,3.358682608380684,9.194582043688834,True,0.0,nan,nan,nan,,nan
6,2560,9216,0.007605660668667596,37.22431651024445,splitK_swapAB,0.06959427568249237,4.068086307725199,9.150326147101735,True,0.125,nan,nan,nan,,nan
7,2560,9216,0.007885935566117686,41.88487684570447,splitK_swapAB,0.06936317392490475,4.761913581947636,8.795807845923454,True,0.0,nan,nan,nan,,nan
8,2560,9216,0.008002446690795407,47.17149324270969,splitK_swapAB,0.0697482239966299,5.412142967514693,8.715862372048772,True,0.0625,nan,nan,nan,,nan
12,2560,9216,0.008418422296227687,67.26094511245051,splitK_swapAB,0.06942542465923418,8.155960770557366,8.246845099508,True,0.5,nan,nan,nan,,nan
14,2560,9216,0.00871623939726932,75.78989629483536,splitK_swapAB,0.06959504435833236,9.492096543522187,7.984526489730828,True,0.125,nan,nan,nan,,nan
16,2560,9216,0.008861498746699942,85.19718182899429,splitK_swapAB,0.07046985335466338,10.713442473057723,7.952362841658883,True,0.125,nan,nan,nan,,nan
24,2560,9216,0.014081536293029785,80.42177049677152,splitK_swapAB,0.0697323898384474,16.240115714141346,4.95204417950932,True,0.5,nan,nan,nan,,nan
32,2560,9216,0.01459094217000914,103.48539678977113,splitK_swapAB,0.07036292977727118,21.459445261583575,4.82237054724939,True,1.0,nan,nan,nan,,nan
48,2560,9216,0.017561787650698706,128.9688843214027,splitK,0.07042398760395666,32.161259778944256,4.010069419166152,True,0.5,nan,nan,nan,,nan
64,2560,9216,0.019584710408491038,154.1967594624585,splitK,0.07065044494676184,42.74423016409343,3.6074286253490393,True,0.5,nan,nan,nan,,nan
96,2560,9216,0.03165939194172255,143.08071135220723,splitK,0.07059911092122395,64.16296552309993,2.2299578921534633,True,0.25,nan,nan,nan,,nan
128,2560,9216,0.035504396728407786,170.1140792843675,base,0.07061764926984043,85.52816218677917,1.9889832183330078,True,1.0,nan,nan,nan,,nan
256,2560,9216,0.06061892891594757,199.27101544056006,base,0.07138652195771658,169.21395228016496,1.177627570040029,True,1.0,nan,nan,nan,,nan
512,2560,9216,0.10796443976648762,223.76989212608373,base,0.13187392616527305,183.19914893352095,1.2214570505853446,True,1.0,nan,nan,nan,,nan
1024,2560,9216,0.18626352618722353,259.40871553904003,base,0.19404799820946866,249.00221865644724,1.0417927877861635,True,1.0,nan,nan,nan,,nan
2048,2560,9216,0.526141345500946,183.67072838191584,base,0.32955733155892564,293.23202643641116,0.6263665351088304,True,1.0,nan,nan,nan,,nan
4096,2560,9216,1.0715316101744934,180.3712802168537,base,0.6569359023849686,294.2045450984357,0.6130812158476501,True,1.0,nan,nan,nan,,nan
8192,2560,9216,2.180072697726163,177.30925076176237,base,1.316943577357701,293.5183126186493,0.6040824137338566,True,2.0,nan,nan,nan,,nan
1,3584,1024,0.002331974311527361,3.147561259022848,swapAB,0.012941157045778036,0.5671851422585615,5.549442368128847,True,0.001953125,nan,nan,nan,,nan
2,3584,1024,0.0023797050837064677,6.168858528106065,swapAB,0.01024836903765267,1.4324292915355814,4.3065710569859785,True,0.0001220703125,nan,nan,nan,,nan
3,3584,1024,0.002375605119429733,9.26925768087499,swapAB,0.0097271027929659,2.263787735020515,4.094578982596612,True,0.0,nan,nan,nan,,nan
4,3584,1024,0.002420702449184206,12.12876370240984,swapAB,0.009525426901627259,3.082289991116757,3.9349846177242456,True,0.00048828125,nan,nan,nan,,nan
5,3584,1024,0.00251665108627793,14.58293531435806,swapAB,0.01001924314761483,3.66296729795771,3.9811808646199993,True,0.0001220703125,nan,nan,nan,,nan
6,3584,1024,0.002540125644140896,17.337800632651373,swapAB,0.009822618158370102,4.4835492218001205,3.8669812184397836,True,0.0,nan,nan,nan,,nan
7,3584,1024,0.0024024976077049124,21.38617072300985,swapAB,0.009325178869299953,5.509837904466614,3.881451885485216,True,0.0078125,nan,nan,nan,,nan
8,3584,1024,0.002435650316640227,24.108656155945905,swapAB,0.009312711789523984,6.3053874453685275,3.8235011511710266,True,0.0,nan,nan,nan,,nan
12,3584,1024,0.002435282036498353,36.16845304975401,swapAB,0.009317230224609375,9.453494426632863,3.8259347726337474,True,0.000244140625,nan,nan,nan,,nan
14,3584,1024,0.0026222448898189903,39.18796768332854,swapAB,0.009361349197929164,10.977098047227184,3.569975189683891,True,0.0,nan,nan,nan,,nan
16,3584,1024,0.002568044305508767,45.73149760230999,swapAB,0.009418105394646312,12.469653617038373,3.6674232506204554,True,0.0625,nan,nan,nan,,nan
24,3584,1024,0.0033251554877669724,52.97820467285931,swapAB,0.009313004054989315,18.915568699406318,2.8007725019931375,True,0.03125,nan,nan,nan,,nan
32,3584,1024,0.003383692919227279,69.41558516298188,swapAB,0.009399119746742067,24.989683111699343,2.777769724118023,True,0.125,nan,nan,nan,,nan
48,3584,1024,0.0041113726987353555,85.69438039717804,base,0.009455420187521178,37.26133043404856,2.2998207363758665,True,0.25,nan,nan,nan,,nan
64,3584,1024,0.0042115016417069865,111.54264867141266,base,0.009497764014864882,49.460277941711205,2.255196560012569,True,0.25,nan,nan,nan,,nan
96,3584,1024,0.005231903670371707,134.68196595254548,base,0.00961146197657858,73.31278776497162,1.8370869538383,True,0.25,nan,nan,nan,,nan
128,3584,1024,0.005492442368455074,171.057615715005,base,0.009590008137305716,97.96906139685053,1.7460370986110527,True,0.125,nan,nan,nan,,nan
256,3584,1024,0.00905723691988392,207.4637340969637,base,0.010311094556535994,182.23556982211062,1.1384371025891353,True,0.125,nan,nan,nan,,nan
512,3584,1024,0.016493558273900803,227.8523725196863,base,0.01794978447470851,209.36721492646384,1.0882906027083323,True,0.25,nan,nan,nan,,nan
1024,3584,1024,0.031064283260520204,241.95609810036652,base,0.0328392488410674,228.8783401951802,1.0571384688216197,True,0.25,nan,nan,nan,,nan
2048,3584,1024,0.0580963905680055,258.74904428707396,base,0.05675121109239527,264.8821980473005,0.9768457306476619,True,0.5,nan,nan,nan,,nan
4096,3584,1024,0.11418136312464758,263.3071654537825,base,0.11059320786420036,271.8500679437488,0.9685749481153929,True,0.5,nan,nan,nan,,nan
8192,3584,1024,0.23160593819238057,259.62003657287124,base,0.22236507335368028,270.40911253343114,0.9601009157587985,True,0.5,nan,nan,nan,,nan
1,4096,1024,0.002331445375784488,3.5980289682649715,swapAB,0.01431789453478827,0.5858827902117976,6.141209518996586,True,0.0,nan,nan,nan,,nan
2,4096,1024,0.0023988813244101093,6.993766564974012,swapAB,0.010680701266102145,1.5707972334407159,4.4523675087297425,True,0.0,nan,nan,nan,,nan
3,4096,1024,0.002386457018191448,10.54526597720652,swapAB,0.009908179060673561,2.539904037451784,4.151836377167343,True,0.0,nan,nan,nan,,nan
4,4096,1024,0.002457128142431584,13.65595526767863,swapAB,0.009832313167930554,3.4126691681711696,4.00154676434598,True,7.62939453125e-06,nan,nan,nan,,nan
5,4096,1024,0.002584691477212394,16.227484158084444,swapAB,0.010199486662488464,4.112269704146734,3.9461137827903063,True,0.0625,nan,nan,nan,,nan
6,4096,1024,0.0026008855625851836,19.351734933686284,swapAB,0.010051760581983529,5.007246998124182,3.864745426166483,True,0.03125,nan,nan,nan,,nan
7,4096,1024,0.002417648066796274,24.288173620659627,swapAB,0.009346914653254752,6.282314344183364,3.866118804314119,True,0.00048828125,nan,nan,nan,,nan
8,4096,1024,0.002452210592487979,27.366680580199382,swapAB,0.009305030606786065,7.212105670136989,3.794547921492056,True,0.0,nan,nan,nan,,nan
12,4096,1024,0.002491797336270617,40.3978664455349,swapAB,0.009304133927472103,10.819201097565221,3.7339047570366475,True,0.25,nan,nan,nan,,nan
14,4096,1024,0.002673208333884075,43.93242027244587,swapAB,0.009343482248360267,12.56924440784486,3.4952316023886265,True,0.25,nan,nan,nan,,nan
16,4096,1024,0.0026620255963675935,50.41939798893886,swapAB,0.009391229916242213,14.291815789523936,3.5278510954428097,True,0.0625,nan,nan,nan,,nan
24,4096,1024,0.0034978867013014214,57.5566361040495,swapAB,0.009320842172601599,21.599613883796344,2.664706712522648,True,0.03125,nan,nan,nan,,nan
32,4096,1024,0.003614089924660815,74.27470306378525,swapAB,0.009380455171352588,28.616463817213013,2.5955234559452616,True,0.125,nan,nan,nan,,nan
48,4096,1024,0.004161242191298601,96.76273706009499,base,0.009430291258746615,42.69785237296232,2.2662202355022503,True,0.125,nan,nan,nan,,nan
64,4096,1024,0.004495524874776981,119.423410381337,base,0.009478063820277521,56.64352152297285,2.1083330832971354,True,0.125,nan,nan,nan,,nan
96,4096,1024,0.0053501414128826925,150.52057615914407,base,0.009517263329547384,84.6153290200386,1.7788807052147464,True,0.125,nan,nan,nan,,nan
128,4096,1024,0.005841534227541048,183.81161218531176,base,0.00953222699006677,112.64333351680696,1.6318019579728271,True,0.25,nan,nan,nan,,nan
256,4096,1024,0.009829204215717077,218.47990955016832,base,0.010527644299874198,203.9852018960844,1.0710576430022993,True,0.25,nan,nan,nan,,nan
512,4096,1024,0.017634774072999095,243.55102470953105,base,0.018306745446246605,234.61118791492171,1.0381049040076094,True,0.5,nan,nan,nan,,nan
1024,4096,1024,0.03404424435316848,252.3167940780139,base,0.034287217375519985,250.52877572190937,1.0071369779816801,True,0.25,nan,nan,nan,,nan
2048,4096,1024,0.06574326158087737,261.3175673200412,base,0.06461146364929857,265.8950627902469,0.9827845789155674,True,0.5,nan,nan,nan,,nan
4096,4096,1024,0.13179231288411028,260.71124799375633,base,0.12757114209083487,269.3378596825192,0.9679710394263492,True,0.5,nan,nan,nan,,nan
8192,4096,1024,0.2648241475423177,259.49097683782384,base,0.25473034799580946,269.773418348765,0.9618848974303021,True,0.5,nan,nan,nan,,nan
1,4096,2048,0.0033622119833247453,4.989934032478743,swapAB,0.022456489286462395,0.747098791177209,6.67908192518431,True,3.0517578125e-05,nan,nan,nan,,nan
2,4096,2048,0.0033805249138372,9.925805268482017,swapAB,0.019968595388256027,1.6803601529096086,5.9069511088412225,True,0.0,nan,nan,nan,,nan
3,4096,2048,0.003543468688812117,14.204061731634141,swapAB,0.020176361747409985,2.4945849321154747,5.69395796020812,True,0.0,nan,nan,nan,,nan
4,4096,2048,0.003440247955600457,19.5069846319513,swapAB,0.017337112249226818,3.8708213360614803,5.039494964600834,True,0.0001220703125,nan,nan,nan,,nan
5,4096,2048,0.003472614331916656,24.156463108789964,swapAB,0.01713630823245608,4.895224739312297,4.9346995072147735,True,0.015625,nan,nan,nan,,nan
6,4096,2048,0.0034638749642885375,29.060891931090744,swapAB,0.0170302455527582,5.910854055988446,4.916530108140357,True,0.0,nan,nan,nan,,nan
7,4096,2048,0.0036595022623440087,32.09193589206206,swapAB,0.017385712534313622,6.7550013707066325,4.750840766847241,True,0.0,nan,nan,nan,,nan
8,4096,2048,0.0036967813693982664,36.30664477781842,swapAB,0.017248469895996956,7.781428080826427,4.665807407162012,True,0.0625,nan,nan,nan,,nan
12,4096,2048,0.0038755685363434786,51.947627841448934,swapAB,0.01720934065561446,11.698681316667308,4.440468667817994,True,0.25,nan,nan,nan,,nan
14,4096,2048,0.003861942818637268,60.8193945457951,swapAB,0.016934362765962045,13.870083406510535,4.384933584267189,True,0.125,nan,nan,nan,,nan
16,4096,2048,0.003978244514781177,67.47585649967654,swapAB,0.01713200218278024,15.668656420661126,4.306422624131384,True,0.125,nan,nan,nan,,nan
24,4096,2048,0.0056333975752881705,71.47608146215434,swapAB,0.016915634740418743,23.80361069383273,3.0027411547556966,True,0.0625,nan,nan,nan,,nan
32,4096,2048,0.005823296505016285,92.19364178649163,swapAB,0.017100142096471035,31.395698876139416,2.936505479626649,True,0.125,nan,nan,nan,,nan
48,4096,2048,0.006810248901547005,118.24918290681973,base,0.01714492699176266,46.97053352206821,2.517518410798179,True,0.5,nan,nan,nan,,nan
64,4096,2048,0.007525969753746225,142.67155717248536,base,0.01716804727868302,62.543037456171774,2.2811740998742693,True,0.03125,nan,nan,nan,,nan
96,4096,2048,0.009597844949073663,167.80983070115633,base,0.0174508930307574,92.29400083773803,1.8182095171730894,True,0.25,nan,nan,nan,,nan
128,4096,2048,0.009719380625972041,220.948610887973,base,0.017330886186108698,123.91078130334051,1.7831266058042075,True,0.5,nan,nan,nan,,nan
256,4096,2048,0.01693325155680958,253.64102585913636,base,0.018377518808049782,233.70768061021948,1.085291785006253,True,0.5,nan,nan,nan,,nan
512,4096,2048,0.03236913763671029,265.37421813357287,base,0.03262321725712802,263.3074023415989,1.0078494405155107,True,0.25,nan,nan,nan,,nan
1024,4096,2048,0.06351801354115404,270.4723939905483,base,0.06310336201768779,272.24966522678307,0.993471906623818,True,0.5,nan,nan,nan,,nan
2048,4096,2048,0.12432594874396397,276.36819758971006,base,0.12229490960463785,280.9580421546586,0.9836635942870717,True,0.5,nan,nan,nan,,nan
4096,4096,2048,0.2499576456406537,274.92448394554447,base,0.24315013885498046,282.621581297906,0.9727653588341926,True,0.5,nan,nan,nan,,nan
8192,4096,2048,0.4998103550502232,274.982204916882,base,0.485906492243159,282.85062180898444,0.9721817231944563,True,0.5,nan,nan,nan,,nan
1,4096,2560,0.004319903103992192,4.854627406021999,splitK_swapAB,0.026463577297984625,0.7924673132379997,6.1259654813851245,True,3.0517578125e-05,nan,nan,nan,,nan
2,4096,2560,0.004561271704916163,9.195470630437027,splitK_swapAB,0.024876849848826252,1.6860269790943394,5.453928522173729,True,0.0,nan,nan,nan,,nan
3,4096,2560,0.004446768219355652,14.148378529411294,splitK_swapAB,0.021524468567145703,2.9229320948732216,4.84047458859114,True,0.0,nan,nan,nan,,nan
4,4096,2560,0.004603468914650886,18.222362647660386,splitK_swapAB,0.021220965090051162,3.9529813862861296,4.6097769928485555,True,0.000244140625,nan,nan,nan,,nan
5,4096,2560,0.004572007915761211,22.934693450228174,splitK_swapAB,0.02100749787407232,4.991436896890818,4.594807852727591,True,0.03125,nan,nan,nan,,nan
6,4096,2560,0.004612055627426299,27.282654452764568,splitK_swapAB,0.021207658603446974,5.9331924543310235,4.598309369325983,True,0.25,nan,nan,nan,,nan
7,4096,2560,0.004793522328982952,30.62479528099891,splitK_swapAB,0.020701815074160558,7.091196567746012,4.3187062984961395,True,0.03125,nan,nan,nan,,nan
8,4096,2560,0.004849152088165283,34.598246652123045,splitK_swapAB,0.02061640839217063,8.137797661386735,4.251549140412921,True,0.0001220703125,nan,nan,nan,,nan
12,4096,2560,0.005188738370106463,48.50085358896916,splitK_swapAB,0.02055884220542661,12.240876090462601,3.962204439497454,True,0.25,nan,nan,nan,,nan
14,4096,2560,0.0054227302944849405,54.14270377757865,splitK_swapAB,0.02063140330911734,14.230795433592876,3.8046154222532547,True,0.125,nan,nan,nan,,nan
16,4096,2560,0.005315024518826566,63.131283555034365,swapAB,0.02086392313331996,16.082513238564005,3.925461314320753,True,0.25,nan,nan,nan,,nan
24,4096,2560,0.006977610352543727,72.13307344061039,swapAB,0.02077602285199461,24.225833961848906,2.9775269472335313,True,0.0625,nan,nan,nan,,nan
32,4096,2560,0.0069117593182108925,97.09375125835706,swapAB,0.02089250885240556,32.12101738191826,3.022748317835463,True,0.25,nan,nan,nan,,nan
48,4096,2560,0.008829617863379154,114.00640158788873,base,0.020923431081406135,48.11031976942619,2.3696870470675835,True,0.125,nan,nan,nan,,nan
64,4096,2560,0.010474180873436264,128.14150301756933,base,0.020958589288082495,64.039485747411,2.0009764526060367,True,0.125,nan,nan,nan,,nan
96,4096,2560,0.01163406801872513,173.04917907989122,base,0.021341274296048904,94.33672479308011,1.834377645179652,True,0.5,nan,nan,nan,,nan
128,4096,2560,0.011841211794986166,226.69593336187228,base,0.021183462703929228,126.71934695086894,1.7889607137082693,True,0.5,nan,nan,nan,,nan
256,4096,2560,0.02067820831429805,259.63125230186307,base,0.022163546375766514,242.23150162783128,1.0718310812470837,True,0.5,nan,nan,nan,,nan
512,4096,2560,0.039770708726564206,269.98307507726446,base,0.03999353923494854,268.47882046450786,1.005602879996843,True,0.5,nan,nan,nan,,nan
1024,4096,2560,0.07877121039376178,272.62290845413594,base,0.07718551622832891,278.22365554275103,0.9798696229560736,True,1.0,nan,nan,nan,,nan
2048,4096,2560,0.15370487395346807,279.429479724907,base,0.15041022864393533,285.55021388654586,0.9785651214252962,True,1.0,nan,nan,nan,,nan
4096,4096,2560,0.30968685208120605,277.374855738065,base,0.3011106842929877,285.2749849169016,0.9723069683760113,True,1.0,nan,nan,nan,,nan
8192,4096,2560,0.6189105262054255,277.5824365006477,base,0.60142822265625,285.6511972139236,0.9717531003126404,True,1.0,nan,nan,nan,,nan
1,5120,6144,0.009092854406543359,6.919121013828805,splitK_swapAB,0.05973610430853894,1.0532082854791505,6.569565687266687,True,0.015625,nan,nan,nan,,nan
2,5120,6144,0.009090057616371185,13.842499718965684,splitK_swapAB,0.05048281931847738,2.4925137244453555,5.553630290258873,True,0.25,nan,nan,nan,,nan
3,5120,6144,0.009295164820659592,20.30557646277504,splitK_swapAB,0.0500903039935721,3.768068167927684,5.388855922408233,True,0.5,nan,nan,nan,,nan
4,5120,6144,0.009391730266904073,26.795726969164505,splitK_swapAB,0.049328669264072214,5.101662861667575,5.252351575502936,True,0.125,nan,nan,nan,,nan
5,5120,6144,0.00958583532444668,32.816420202603254,splitK_swapAB,0.04816224010960913,6.531523435871866,5.024313320590992,True,0.015625,nan,nan,nan,,nan
6,5120,6144,0.009723846133775691,38.820787043184595,splitK_swapAB,0.04782495909275034,7.893103667227649,4.918317138588894,True,0.25,nan,nan,nan,,nan
7,5120,6144,0.009744262109037305,45.196025627384316,splitK_swapAB,0.048361528559062006,9.106451618090498,4.963077554554814,True,0.03125,nan,nan,nan,,nan
8,5120,6144,0.010025455951690673,50.20384932369302,splitK_swapAB,0.048119222030125725,10.459780078840252,4.799704099444075,True,0.0001220703125,nan,nan,nan,,nan
12,5120,6144,0.01047543732516737,72.07095002956714,splitK_swapAB,0.047463682581474244,15.906366277080183,4.530949984058627,True,0.0625,nan,nan,nan,,nan
14,5120,6144,0.010613718664789773,82.98729859139772,splitK_swapAB,0.04746409989555797,18.55726416255988,4.471957604549724,True,0.125,nan,nan,nan,,nan
16,5120,6144,0.010956136401526196,91.87846181431033,splitK_swapAB,0.047751475424662126,21.080667163639216,4.358422866842943,True,0.5,nan,nan,nan,,nan
24,5120,6144,0.019133533957522007,78.91639063396286,splitK_swapAB,0.047940800189971926,31.496125096298364,2.505590462086323,True,0.125,nan,nan,nan,,nan
32,5120,6144,0.019734282096995605,102.01870582900528,swapAB,0.04802367497820649,41.922362687021256,2.4335151763903147,True,0.5,nan,nan,nan,,nan
48,5120,6144,0.022628337035685668,133.45650965148326,splitK,0.04819601588065246,62.65868298072935,2.129896501216403,True,0.125,nan,nan,nan,,nan
64,5120,6144,0.02442434855869838,164.857286994703,base,0.04827084506515168,83.41539980427827,1.9763411478158222,True,0.5,nan,nan,nan,,nan
96,5120,6144,0.04103859516612271,147.1735992801684,base,0.04877136940614475,123.83900295485736,1.1884268749629479,True,0.5,nan,nan,nan,,nan
128,5120,6144,0.04136301599099883,194.6923716044415,base,0.04870970403463995,165.32770706783717,1.1776149022895204,True,0.5,nan,nan,nan,,nan
256,5120,6144,0.0756978704089907,212.76856631474087,base,0.08881840339073768,181.33772670000064,1.173327636707051,True,1.0,nan,nan,nan,,nan
512,5120,6144,0.12588232852397638,255.8917927377284,base,0.13163412667654611,244.71051340016535,1.0456918633458088,True,1.0,nan,nan,nan,,nan
1024,5120,6144,0.2370370873657789,271.7908414921782,base,0.22077583544182056,291.80960548092827,0.931397858011708,True,1.0,nan,nan,nan,,nan
2048,5120,6144,0.46855451915185775,274.99258594972645,base,0.4388569950508082,293.60137888444194,0.9366188503425262,True,1.0,nan,nan,nan,,nan
4096,5120,6144,0.937093966475157,274.99700881579815,base,0.8887315197525738,289.9616273672212,0.9483910381959916,True,1.0,nan,nan,nan,,nan
8192,5120,6144,1.8659405258466613,276.2124882228717,base,1.7733689060917608,290.6310546832896,0.9503887618749818,True,1.0,nan,nan,nan,,nan
1,5120,17408,0.09813019298093206,1.816545087551573,swapAB,0.14794814746057472,1.2048675367665707,1.5076720320862196,True,0.0,nan,nan,nan,,nan
2,5120,17408,0.0983117756090666,3.6263798287773072,swapAB,0.13940873930725872,2.5573421133536995,1.4180268685372217,True,0.0,nan,nan,nan,,nan
3,5120,17408,0.09842863757200915,5.433111472347326,swapAB,0.13671249052437628,3.911667163320736,1.3889503491741328,True,0.5,nan,nan,nan,,nan
4,5120,17408,0.09853455502895023,7.236361698599093,swapAB,0.13705857506749372,5.2023864953277945,1.3909696453921656,True,1.52587890625e-05,nan,nan,nan,,nan
5,5120,17408,0.09859894448796827,9.039545044102997,swapAB,0.136955756508843,6.507865187415112,1.38901848513759,True,0.03125,nan,nan,nan,,nan
6,5120,17408,0.09873622886517869,10.832371585311757,swapAB,0.13695716857910156,7.809357707203676,1.3871014738279341,True,0.5,nan,nan,nan,,nan
7,5120,17408,0.09868227563253262,12.644676381871312,swapAB,0.13696814572662733,9.110187141545131,1.3879710905397178,True,1.0,nan,nan,nan,,nan
8,5120,17408,0.09876614893667596,14.438786723519234,swapAB,0.13704179101630037,10.406047304434145,1.3875380633111947,True,0.25,nan,nan,nan,,nan
12,5120,17408,0.09898033610150858,21.61131315826475,swapAB,0.13695505047371376,15.618956968735985,1.383659177851856,True,0.0625,nan,nan,nan,,nan
14,5120,17408,0.09907981965789484,25.18788274561767,swapAB,0.13695219679222212,18.222496158905955,1.382241078608075,True,0.015625,nan,nan,nan,,nan
16,5120,17408,0.09949552695931588,28.665878830575434,swapAB,0.1382579029856862,20.62903210889348,1.3895891324061271,True,2.0,nan,nan,nan,,nan
24,5120,17408,0.09952985383646688,42.983988372265735,swapAB,0.13703849434193985,31.21889291431513,1.376858189374032,True,0.5,nan,nan,nan,,nan
32,5120,17408,0.09976151548785928,57.17889721406842,swapAB,0.1385920869202173,41.1585795896395,1.3892339770748932,True,0.5,nan,nan,nan,,nan
48,5120,17408,0.10698930774114829,79.97416134985609,splitK,0.1393957768479145,61.38191811460185,1.302894464792416,True,1.0,nan,nan,nan,,nan
64,5120,17408,0.10997725602222665,103.73514754445516,splitK,0.13882503909664556,82.17902875617244,1.2623068088604494,True,1.0,nan,nan,nan,,nan
96,5120,17408,0.1323011601331513,129.3470163283321,splitK,0.13989156315323126,122.32875188659813,1.057372157677535,True,1.0,nan,nan,nan,,nan
128,5120,17408,0.1512006753915781,150.90550158528532,base,0.14012785700099234,162.82996292334948,0.9267674012572399,True,1.0,nan,nan,nan,,nan
256,5120,17408,0.2872493549928827,158.86555261762274,base,0.25064739297015237,182.0646406062328,0.872577739909504,True,1.0,nan,nan,nan,,nan
512,5120,17408,0.5626738743228807,162.20418115170455,base,0.37296659163846313,244.7083923497124,0.6628468259474273,True,2.0,nan,nan,nan,,nan
1024,5120,17408,1.0940989819201794,166.8369252657956,base,0.6353533762805866,287.2985599739504,0.5807092290365912,True,1.0,nan,nan,nan,,nan
2048,5120,17408,1.4811727496939646,246.4751125318975,base,1.2509141686844498,291.84434016279135,0.8445430615320934,True,2.0,nan,nan,nan,,nan
4096,5120,17408,2.9589211600167413,246.76035650637914,base,2.4926008648342552,292.9247320021895,0.8424019194956017,True,2.0,nan,nan,nan,,nan
8192,5120,17408,5.926369835348691,246.40529045789475,base,5.004003524780273,291.82411111593325,0.8443623438640582,True,2.0,nan,nan,nan,,nan
1,6144,1024,0.0027520593494425906,4.572180466438188,swapAB,0.01829002965516397,0.687965642332754,6.645943031304351,True,0.0,nan,nan,nan,,nan
2,6144,1024,0.002835496726443288,8.8752788057586,swapAB,0.012574423637942991,2.0013500995833153,4.434645796158526,True,7.62939453125e-06,nan,nan,nan,,nan
3,6144,1024,0.002874929996038972,13.130314843147328,swapAB,0.010767676112694522,3.5057458642813586,3.7453698446675356,True,0.125,nan,nan,nan,,nan
4,6144,1024,0.003015692308272197,16.689914903432864,swapAB,0.011279622233318885,4.462174969949375,3.740309381821981,True,0.001953125,nan,nan,nan,,nan
5,6144,1024,0.0031928089674045975,19.70508121290533,swapAB,0.011452941696878542,5.493310073965288,3.5871052148129374,True,0.03125,nan,nan,nan,,nan
6,6144,1024,0.0031940600783093827,23.636835297087096,swapAB,0.010808787725668038,6.984823267526412,3.384027682844693,True,0.00390625,nan,nan,nan,,nan
7,6144,1024,0.0028999228341739258,30.37335440861503,swapAB,0.009735958426590273,9.046914555370334,3.3573163781662023,True,3.0517578125e-05,nan,nan,nan,,nan
8,6144,1024,0.0029989908120749854,33.56572337424122,swapAB,0.009647869326117716,10.433733355767444,3.217038640889469,True,0.0625,nan,nan,nan,,nan
12,6144,1024,0.003075750974508432,49.092057598756696,swapAB,0.009518016972744306,15.864117959905675,3.094534327267987,True,0.0078125,nan,nan,nan,,nan
14,6144,1024,0.003257670245327792,54.075690519214724,swapAB,0.00968892886967827,18.18165561637048,2.9741895710820643,True,7.62939453125e-06,nan,nan,nan,,nan
16,6144,1024,0.003258524406033036,61.78458925372827,swapAB,0.009733117096288144,20.68469843815797,2.986970752242224,True,0.125,nan,nan,nan,,nan
24,6144,1024,0.004782687932337151,63.1422940974589,swapAB,0.009540356474605115,31.65394173727661,1.9947687596550001,True,0.25,nan,nan,nan,,nan
32,6144,1024,0.004718016439670812,85.34374331855743,swapAB,0.009572173408840014,42.064969657585294,2.0288554589071945,True,0.0625,nan,nan,nan,,nan
48,6144,1024,0.005452581144805647,110.76951630061956,base,0.009596748660398136,62.93587519827189,1.7600377519443966,True,0.125,nan,nan,nan,,nan
64,6144,1024,0.005572089515781007,144.52502346188976,base,0.00962807628431743,83.64146109973318,1.727911272252402,True,0.25,nan,nan,nan,,nan
96,6144,1024,0.008431808765117938,143.26220928981232,base,0.010064216447815622,120.02519602628185,1.1936011273703087,True,0.25,nan,nan,nan,,nan
128,6144,1024,0.008727175192181443,184.55143852766082,base,0.010049811682213531,160.26297675313782,1.151553791565571,True,0.125,nan,nan,nan,,nan
256,6144,1024,0.015585971783988083,206.67466338603649,base,0.017470330500948258,184.3826292711038,1.1209009449700167,True,0.25,nan,nan,nan,,nan
512,6144,1024,0.02619496664513335,245.9423228621257,base,0.026283289684286372,245.11585198757138,1.0033717561220652,True,0.25,nan,nan,nan,,nan
1024,6144,1024,0.05037876652478143,255.7605669376976,base,0.04944629622781944,260.58376199976544,0.9814908073125747,True,0.5,nan,nan,nan,,nan
2048,6144,1024,0.0996888670097872,258.5023237697143,base,0.09529340170263274,270.4258984941665,0.9559081626765512,True,0.5,nan,nan,nan,,nan
4096,6144,1024,0.20176989922742405,255.4375441993325,base,0.1926687600404689,267.5037070938455,0.954893474092006,True,0.5,nan,nan,nan,,nan
8192,6144,1024,0.40237140266262755,256.1792772097868,base,0.38315008544921875,269.03090725699894,0.9522299122496906,True,0.5,nan,nan,nan,,nan
1,6144,2048,0.004172285252558902,6.031664298256108,swapAB,0.028743704569708442,0.8755247236475221,6.889199282834187,True,0.0,nan,nan,nan,,nan
2,6144,2048,0.004319794359723837,11.651399073361837,swapAB,0.02300695754706754,2.1876707468613232,5.325938142235634,True,0.0,nan,nan,nan,,nan
3,6144,2048,0.004560480343416889,16.554719309114347,swapAB,0.022843566993907615,3.3049773715346293,5.009026522147518,True,0.0625,nan,nan,nan,,nan
4,6144,2048,0.0043945343150689695,22.906476268673792,swapAB,0.018076418983364616,5.568763154507455,4.113386695236425,True,0.0078125,nan,nan,nan,,nan
5,6144,2048,0.004526835103188792,27.796267620034026,swapAB,0.017843580725914347,7.051786406147594,3.9417341960048375,True,0.0,nan,nan,nan,,nan
6,6144,2048,0.004507186962673636,33.50092757422042,swapAB,0.017640771650978763,8.559429654633183,3.9139205444706837,True,0.0625,nan,nan,nan,,nan
7,6144,2048,0.004543252698667757,38.77415140294895,swapAB,0.018058606363181767,9.75494810934912,3.9748188271537686,True,6.103515625e-05,nan,nan,nan,,nan
8,6144,2048,0.004565051992921533,44.101708438846366,swapAB,0.017894650988010546,11.250657648192705,3.91992271188972,True,6.103515625e-05,nan,nan,nan,,nan
12,6144,2048,0.004921174201513272,61.36541313801439,swapAB,0.0178032750430022,16.962603075589787,3.617688444665839,True,0.0625,nan,nan,nan,,nan
14,6144,2048,0.005002027502807055,70.43574546567027,swapAB,0.0173931077443423,20.256387827793716,3.4772115376378037,True,0.25,nan,nan,nan,,nan
16,6144,2048,0.005089992786938454,79.10682801619237,swapAB,0.01749823682153705,23.011071807212563,3.437772420118094,True,0.0078125,nan,nan,nan,,nan
24,6144,2048,0.008013221419925446,75.37290489667006,swapAB,0.017293954668354157,34.924329777804374,2.15817756206655,True,0.125,nan,nan,nan,,nan
32,6144,2048,0.008090719920239235,99.53457491285742,swapAB,0.017524708339146204,45.952625996127374,2.1660258310644886,True,0.0625,nan,nan,nan,,nan
48,6144,2048,0.009392403354163931,128.61027220093519,base,0.01732812018700241,69.71094030765519,1.8449080106126765,True,0.0625,nan,nan,nan,,nan
64,6144,2048,0.009823275531727231,163.95882725655414,base,0.017364062433657436,92.75552550871315,1.7676448530406135,True,0.25,nan,nan,nan,,nan
96,6144,2048,0.015647324831676884,154.39822014234315,base,0.01790272489129422,134.9470049207324,1.1441396586240378,True,0.5,nan,nan,nan,,nan
128,6144,2048,0.016194322642394763,198.910787634132,base,0.01805351223565836,178.42652609377595,1.1148050236072529,True,0.25,nan,nan,nan,,nan
256,6144,2048,0.029782087612996062,216.31965588566385,base,0.03159333986528752,203.9180083989316,1.0608168331188805,True,0.5,nan,nan,nan,,nan
512,6144,2048,0.04858301273763996,265.21413889215955,base,0.04786492996856946,269.1929539322606,0.9852194681102154,True,0.5,nan,nan,nan,,nan
1024,6144,2048,0.09472346213793661,272.0530182741202,base,0.09291059112548827,277.3613154736515,0.9808614363165017,True,0.5,nan,nan,nan,,nan
2048,6144,2048,0.18794634109152886,274.2251179388509,base,0.18180618286132813,283.48655002185274,0.967330259293473,True,0.5,nan,nan,nan,,nan
4096,6144,2048,0.3759591359493917,274.1766464690344,base,0.36550219049713495,282.0207861512338,0.9721859520028678,True,0.5,nan,nan,nan,,nan
8192,6144,2048,0.7507690773870712,274.59632584429374,base,0.7306082505446214,282.17369575873545,0.9731464341703893,True,1.0,nan,nan,nan,,nan
1,6144,5120,0.009133552074432373,6.888290501580129,splitK_swapAB,0.05865809948078437,1.0725639009257364,6.422265839484998,True,0.0,nan,nan,nan,,nan
2,6144,5120,0.009298613346905347,13.532030562586725,splitK_swapAB,0.045051374780126364,2.793013989342393,4.844956242332608,True,0.000244140625,nan,nan,nan,,nan
3,6144,5120,0.009277968179611932,20.34321268904099,splitK_swapAB,0.04184203127984426,4.510863221186868,4.509826986881774,True,3.0517578125e-05,nan,nan,nan,,nan
4,6144,5120,0.009482138699824267,26.54024033677803,splitK_swapAB,0.042223667060610925,5.960122782295328,4.452968723331737,True,0.125,nan,nan,nan,,nan
5,6144,5120,0.009575839023513487,32.85067754664276,splitK_swapAB,0.041406983129853,7.597095374311487,4.3241101931828725,True,1.52587890625e-05,nan,nan,nan,,nan
6,6144,5120,0.009593073972958123,39.349989488676684,splitK_swapAB,0.04080793540753693,9.25034202858204,4.253895625382464,True,0.0625,nan,nan,nan,,nan
7,6144,5120,0.01049445767000497,41.9651909463361,splitK_swapAB,0.04044551629597957,10.888769889278866,3.853988225764163,True,0.25,nan,nan,nan,,nan
8,6144,5120,0.010000319119943566,50.33004186798794,splitK_swapAB,0.040307027516347585,12.487065184746422,4.030574127975933,True,0.00390625,nan,nan,nan,,nan
12,6144,5120,0.010943353537357214,68.98933836165949,splitK_swapAB,0.04015455961227417,18.801718342572098,3.6693102781701206,True,0.125,nan,nan,nan,,nan
14,6144,5120,0.010777702771994961,81.72463637508186,splitK_swapAB,0.040035563786061296,22.000535441608015,3.714665790384446,True,0.5,nan,nan,nan,,nan
16,6144,5120,0.011001357537305759,91.50079493248842,splitK_swapAB,0.04082215370858254,24.658987058499154,3.7106469424481516,True,0.5,nan,nan,nan,,nan
24,6144,5120,0.018084309276446005,83.49500204393433,swapAB,0.039904053318322,37.83950036240315,2.2065566734304434,True,0.25,nan,nan,nan,,nan
32,6144,5120,0.020098335346731284,100.17077958286878,swapAB,0.04027397469940842,49.989253234287126,2.003846288989223,True,0.5,nan,nan,nan,,nan
48,6144,5120,0.02086719440404155,144.71992839703967,base,0.040380940830981336,74.78525308858215,1.9351399162294847,True,0.5,nan,nan,nan,,nan
64,6144,5120,0.020789756216814104,193.67864625288232,base,0.04032400420786196,99.85446433454514,1.9396092858101515,True,1.0,nan,nan,nan,,nan
96,6144,5120,0.03474348502097723,173.83972150039997,base,0.04108622110142088,147.00299998607386,1.1825590057132744,True,0.25,nan,nan,nan,,nan
128,6144,5120,0.036398705434881266,221.2458817912426,base,0.04120559877449993,195.43615235567538,1.1320622061193464,True,1.0,nan,nan,nan,,nan
256,6144,5120,0.06351301848992419,253.58781149025538,base,0.07478919040781534,215.3536797520533,1.1775411118222956,True,0.5,nan,nan,nan,,nan
512,6144,5120,0.11910976387603939,270.44176456872276,base,0.11339639194825384,284.06772179047294,0.9520327155233755,True,1.0,nan,nan,nan,,nan
1024,6144,5120,0.23710879319005734,271.70864721309505,base,0.222371727438534,289.7153796577294,0.9378468189506972,True,1.0,nan,nan,nan,,nan
2048,6144,5120,0.4655300211683612,276.77918291203207,base,0.44209423153081795,291.4514818115605,0.9496578339271753,True,1.0,nan,nan,nan,,nan
4096,6144,5120,0.9374480915960864,274.8931274917279,base,0.8924728676124856,288.7460752161412,0.9520237713567408,True,2.0,nan,nan,nan,,nan
8192,6144,5120,1.8648488746499114,276.37417837236563,base,1.787401481910988,288.34936120169704,0.9584698825777704,True,1.0,nan,nan,nan,,nan
1,8192,2560,0.006261469895050774,6.698593254141946,swapAB,0.042892497694803196,0.9778642479260836,6.850228207390492,True,0.0,nan,nan,nan,,nan
2,8192,2560,0.006680380948733934,12.557080298826087,swapAB,0.03430984106408544,2.4449568228344125,5.13591086008169,True,0.03125,nan,nan,nan,,nan
3,8192,2560,0.0063760878838898935,19.734533508850376,swapAB,0.0246497450822385,5.104682404633337,3.8659669582848193,True,0.25,nan,nan,nan,,nan
4,8192,2560,0.0064334518896473295,26.078093514615055,swapAB,0.023129734875588455,7.253527154652767,3.595229322039181,True,0.0078125,nan,nan,nan,,nan
5,8192,2560,0.006924281517664592,30.286925721462048,swapAB,0.022340356228724687,9.387280930209757,3.226378963901456,True,0.125,nan,nan,nan,,nan
6,8192,2560,0.006771141043456469,37.16629714030235,swapAB,0.023135080767711425,10.877776590744732,3.416718189627556,True,0.0078125,nan,nan,nan,,nan
7,8192,2560,0.006956460706930492,42.20555428531275,swapAB,0.022522883160124102,13.035688100527457,3.237692859773548,True,0.125,nan,nan,nan,,nan
8,8192,2560,0.006963165770185754,48.188472179809786,swapAB,0.022093657953889144,15.187359227716032,3.1729329277909404,True,1.0,nan,nan,nan,,nan
12,8192,2560,0.007223274011144621,69.67982651958721,swapAB,0.02136676249321914,23.556047864515286,2.958044019962812,True,0.0078125,nan,nan,nan,,nan
14,8192,2560,0.007562754355070792,77.6440080466561,swapAB,0.021236880262210697,27.650132823175504,2.8080880675400315,True,0.125,nan,nan,nan,,nan
16,8192,2560,0.007584777279434917,88.47835806854405,swapAB,0.02149886457027231,31.215073605698787,2.834475394361748,True,0.0625,nan,nan,nan,,nan
24,8192,2560,0.011900785135668376,84.58542428288831,swapAB,0.021085009162808643,47.741642046595665,1.7717326144822005,True,0.03125,nan,nan,nan,,nan
32,8192,2560,0.01240940626724299,108.15805777452339,swapAB,0.021201575701443987,63.30554383788502,1.708508468886994,True,0.125,nan,nan,nan,,nan
48,8192,2560,0.01177427584073359,170.98851319883505,base,0.021227080285163714,94.84422223658974,1.8028353142303462,True,0.125,nan,nan,nan,,nan
64,8192,2560,0.012344753040986901,217.44902883738848,base,0.021249667224692056,126.32454577362921,1.7213521529462084,True,0.25,nan,nan,nan,,nan
96,8192,2560,0.019650551502334558,204.90681086083683,base,0.022345250897702916,180.19631367907022,1.137130980524807,True,0.5,nan,nan,nan,,nan
128,8192,2560,0.02130292127251726,252.01750742637026,base,0.02227214895628101,241.05034186590964,1.0454974072036844,True,0.25,nan,nan,nan,,nan
256,8192,2560,0.04184424471692974,256.6044222481988,base,0.0400050795558608,268.4013720059445,0.9560473567270571,True,0.5,nan,nan,nan,,nan
512,8192,2560,0.08043702661174618,266.97700529949776,base,0.07712749175004736,278.4329684880076,0.9588555793133268,True,0.5,nan,nan,nan,,nan
1024,8192,2560,0.15769354958663528,272.3616347820484,base,0.1507085103255052,284.985054043968,0.9557049779179929,True,0.5,nan,nan,nan,,nan
2048,8192,2560,0.3141819616282209,273.4063581334653,base,0.29995768147130164,286.3715491420692,0.9547259808195125,True,1.0,nan,nan,nan,,nan
4096,8192,2560,0.6264239482998107,274.2530714323457,base,0.604639785094831,284.13395227218683,0.9652245683388948,True,1.0,nan,nan,nan,,nan
8192,8192,2560,1.2469918050883728,275.5410117997124,base,1.206933033617237,284.68636959104674,0.9678756738354853,True,1.0,nan,nan,nan,,nan
1,9216,2560,0.007431541925878049,6.349411800489157,swapAB,0.04566461621124059,1.0333147174985986,6.144702763800292,True,0.0,nan,nan,nan,,nan
2,9216,2560,0.007860512960524786,12.005811894711197,swapAB,0.037183236067388714,2.5380211617129294,4.730382896653385,True,0.001953125,nan,nan,nan,,nan
3,9216,2560,0.007729848804421811,18.31313439391244,swapAB,0.02533742623735768,5.586903684451038,3.277868284158878,True,0.00048828125,nan,nan,nan,,nan
4,9216,2560,0.007770034543144344,24.29122791565094,swapAB,0.023647186387707454,7.981654853370415,3.043382401507061,True,0.0,nan,nan,nan,,nan
5,9216,2560,0.008127765341119452,29.027609693208117,swapAB,0.022959365302673666,10.275963507254511,2.824806615235207,True,0.125,nan,nan,nan,,nan
6,9216,2560,0.00806400016113952,35.108570727011625,swapAB,0.02359502570254176,11.998949421339328,2.925970390755493,True,0.125,nan,nan,nan,,nan
7,9216,2560,0.008581780288625973,38.4886852018073,swapAB,0.022918327019946408,14.41210956247069,2.670579559152971,True,0.000244140625,nan,nan,nan,,nan
8,9216,2560,0.008580417040279186,43.994057424942774,swapAB,0.022425410485885,16.833018964696237,2.613557171010808,True,0.00390625,nan,nan,nan,,nan
12,9216,2560,0.008804791075024278,64.30942371888577,swapAB,0.021447822602646792,26.400397396522834,2.4359263519024106,True,0.03125,nan,nan,nan,,nan
14,9216,2560,0.008743477386917695,75.55379293236552,swapAB,0.021317249539981684,30.98912356216512,2.4380745322081254,True,0.25,nan,nan,nan,,nan
16,9216,2560,0.009042988766680707,83.48730043564113,swapAB,0.021741152777188064,34.725606674921046,2.4041999098013154,True,0.125,nan,nan,nan,,nan
24,9216,2560,0.013318711898746562,85.02789823891132,swapAB,0.021512073773626416,52.643092056907456,1.615176748109623,True,0.0625,nan,nan,nan,,nan
32,9216,2560,0.013825896051194933,109.21168757590213,swapAB,0.021391222193426884,70.58733841135916,1.5471852322785329,True,0.125,nan,nan,nan,,nan
48,9216,2560,0.018040163176400323,125.54898411134748,base,0.021490802105644954,105.39039673186865,1.1912753723734977,True,0.5,nan,nan,nan,,nan
64,9216,2560,0.018363440190262037,164.45169579943,base,0.021466206582443158,140.68153441092494,1.1689643313035913,True,0.25,nan,nan,nan,,nan
96,9216,2560,0.02861815170275144,158.28584483897632,base,0.038201325859119686,118.5783010962852,1.3348634899942504,True,0.25,nan,nan,nan,,nan
128,9216,2560,0.030041676036779714,201.04729684873567,base,0.03823588990649971,157.9614800327505,1.2727615416559284,True,1.0,nan,nan,nan,,nan
256,9216,2560,0.05336133034106211,226.37358256986002,base,0.05661046512958912,213.38096220103736,1.0608893138113307,True,0.5,nan,nan,nan,,nan
512,9216,2560,0.0914915646240461,264.05921834733175,base,0.09286998043477417,260.1399389436487,1.0150660426061375,True,0.5,nan,nan,nan,,nan
1024,9216,2560,0.17738142310541805,272.39820965515827,base,0.1691467651692998,285.6595101398357,0.9535765482542985,True,0.5,nan,nan,nan,,nan
2048,9216,2560,0.3536231325383772,273.27613854422384,base,0.3363690998243249,287.2938216098636,0.951207850600159,True,1.0,nan,nan,nan,,nan
4096,9216,2560,0.7019269182965472,275.3470814155992,base,0.6790777522025349,284.6117807469507,0.9674479415186652,True,1.0,nan,nan,nan,,nan
8192,9216,2560,1.404726055306448,275.17611364848847,base,1.3507291521344866,286.1765854606454,0.9615605455825466,True,1.0,nan,nan,nan,,nan
1,10240,5120,0.013804083304794282,7.59612918038404,swapAB,0.08250565090873627,1.2709141597584435,5.9769018403475815,True,0.0,nan,nan,nan,,nan
2,10240,5120,0.014265181639484157,14.701193808814587,swapAB,0.05791051304243967,3.6213666393580457,4.059570673965409,True,0.0,nan,nan,nan,,nan
3,10240,5120,0.01387902821335837,22.665333275800105,swapAB,0.04674437523472185,6.729639628734079,3.3679861814626935,True,0.25,nan,nan,nan,,nan
4,10240,5120,0.014809168233407125,28.32234689952619,swapAB,0.04930690536360223,8.506524530529926,3.3294851261378544,True,0.0625,nan,nan,nan,,nan
5,10240,5120,0.015348825189802382,34.158184324643436,splitK_swapAB,0.04711437054738163,11.127984814585137,3.069575030321147,True,0.25,nan,nan,nan,,nan
6,10240,5120,0.015421195334172345,40.797460013093485,splitK_swapAB,0.0444683593522681,14.148163079641716,2.8835870623938713,True,0.25,nan,nan,nan,,nan
7,10240,5120,0.015572739405850055,47.13385236025104,splitK_swapAB,0.04286890181284102,17.12204346182098,2.7528170025587717,True,0.5,nan,nan,nan,,nan
8,10240,5120,0.015468067791851108,54.231776799034265,swapAB,0.04196883835422126,19.987705947920922,2.713256685901732,True,0.03125,nan,nan,nan,,nan
12,10240,5120,0.016382078739760296,76.80900696356996,swapAB,0.041336778546867965,30.439991799877184,2.5232926299237657,True,0.5,nan,nan,nan,,nan
14,10240,5120,0.018196645282929944,80.67456265562969,splitK_swapAB,0.04092574521719691,35.86999802225096,2.2490818818998943,True,0.125,nan,nan,nan,,nan
16,10240,5120,0.018290878495118602,91.72449537881648,swapAB,0.04133092874486641,40.592400193968174,2.259647001421864,True,0.0625,nan,nan,nan,,nan
24,10240,5120,0.027601545380383,91.17541664129386,swapAB,0.040958739821721823,61.44189032557516,1.483929224152502,True,0.5,nan,nan,nan,,nan
32,10240,5120,0.03063637843673983,109.52479931427135,swapAB,0.04096962655219546,81.90075141947298,1.3372868675320895,True,0.5,nan,nan,nan,,nan
48,10240,5120,0.034855589879066604,144.40050555629225,base,0.040986651521625506,122.80009742548464,1.1758989494606449,True,0.5,nan,nan,nan,,nan
64,10240,5120,0.034813312720751825,192.76781999547305,base,0.04096288890300499,163.82844520293824,1.1766443840487342,True,1.0,nan,nan,nan,,nan
96,10240,5120,0.06247727666935636,161.11985247489667,base,0.0739831878953215,136.06239317833678,1.1841615358309707,True,0.5,nan,nan,nan,,nan
128,10240,5120,0.0644698081610029,208.18695111487378,base,0.07475159177742156,179.55166546773117,1.159482150012632,True,1.0,nan,nan,nan,,nan
256,10240,5120,0.10214189533335472,262.80641760555,base,0.1100106480826478,244.00861251024745,1.0770374656120516,True,1.0,nan,nan,nan,,nan
512,10240,5120,0.1956024895149492,274.4703880463489,base,0.1869412440879672,287.1869793202883,0.9557201677317094,True,1.0,nan,nan,nan,,nan
1024,10240,5120,0.40014925870028406,268.33532754442604,base,0.37538065872793125,286.0407959319576,0.9381015972569757,True,1.0,nan,nan,nan,,nan
2048,10240,5120,0.78343359375,274.1117645620491,base,0.7468789768969919,287.52766036098734,0.9533405037202516,True,1.0,nan,nan,nan,,nan
4096,10240,5120,1.5557323031955295,276.0736720050091,base,1.4902350792518029,288.20736780376683,0.9578994253643811,True,1.0,nan,nan,nan,,nan
8192,10240,5120,3.094208002090454,277.61335327801555,base,2.9767990112304688,288.5628004978853,0.9620552364997235,True,1.0,nan,nan,nan,,nan
1,12288,5120,0.01598370839534194,7.872335811423451,swapAB,0.0982393083563047,1.2808428938000016,6.14621500383066,True,0.0,nan,nan,nan,,nan
2,12288,5120,0.016590713786187573,15.16862042484968,swapAB,0.06756183739016358,3.724857844624564,4.072268273738258,True,7.62939453125e-06,nan,nan,nan,,nan
3,12288,5120,0.016101566580838937,23.44413868705264,swapAB,0.051974401473999024,7.262947706840717,3.2279096082395613,True,0.015625,nan,nan,nan,,nan
4,12288,5120,0.017127471746400343,29.386501840575583,swapAB,0.054533505517419076,9.229490663115923,3.183978717050303,True,0.25,nan,nan,nan,,nan
5,12288,5120,0.01756791000868617,35.81220530438334,swapAB,0.05230795983040687,12.027722014772111,2.977471981843261,True,0.5,nan,nan,nan,,nan
6,12288,5120,0.017765080171918114,42.49768155808354,splitK_swapAB,0.04773430978836847,15.816185954027693,2.6869740708417273,True,0.5,nan,nan,nan,,nan
7,12288,5120,0.01815048631918858,48.527836913593866,splitK_swapAB,0.04543396466588455,19.3864622310053,2.5031816705567858,True,0.03125,nan,nan,nan,,nan
8,12288,5120,0.017958874550366717,56.05211825367112,swapAB,0.04374001499462951,23.01400582792659,2.4355654844605144,True,0.0625,nan,nan,nan,,nan
12,12288,5120,0.019084347467140116,79.11978350844151,swapAB,0.04284782101840132,35.239818597812494,2.245181350432742,True,0.125,nan,nan,nan,,nan
14,12288,5120,0.0201352824570437,87.48860035900597,swapAB,0.04186780609353616,42.075471450890504,2.079325491601933,True,0.25,nan,nan,nan,,nan
16,12288,5120,0.020060218073861012,100.36111833815696,swapAB,0.04183986521854836,48.11836533133676,2.0857133788125064,True,0.5,nan,nan,nan,,nan
24,12288,5120,0.03590348459059192,84.11158177084928,splitK_swapAB,0.04120212003409145,73.29474496703752,1.147579977373226,True,0.5,nan,nan,nan,,nan
32,12288,5120,0.03594398498535156,112.02241047120829,swapAB,0.04151503680503532,96.98972107165821,1.15499260368471,True,0.5,nan,nan,nan,,nan
48,12288,5120,0.035746062955548684,168.96399940633106,base,0.04155025859870533,145.3612555900722,1.1623730045564553,True,1.0,nan,nan,nan,,nan
64,12288,5120,0.036203454799406516,222.43909385498796,base,0.04124768417660553,195.2367470018465,1.1393300557957167,True,1.0,nan,nan,nan,,nan
96,12288,5120,0.06400981265078023,188.71474575160718,base,0.07474493999744178,161.6108798858282,1.1677106509470574,True,0.5,nan,nan,nan,,nan
128,12288,5120,0.06816570072957914,236.27905512032783,base,0.07492391036937923,214.9664543747898,1.0991438445943753,True,0.5,nan,nan,nan,,nan
256,12288,5120,0.12052635661817329,267.2631582322546,base,0.11442799573914382,281.5067633748718,0.949402263122007,True,0.5,nan,nan,nan,,nan
512,12288,5120,0.24185538518996463,266.3761627197093,base,0.22962819256828826,280.56010335421263,0.9494441994249061,True,1.0,nan,nan,nan,,nan
1024,12288,5120,0.480951920296382,267.90415724007926,base,0.4574719208937425,281.6544863087409,0.9511801525022081,True,1.0,nan,nan,nan,,nan
2048,12288,5120,0.9495630997877855,271.3859013872717,base,0.8988739949352336,286.689835518679,0.9466184976397247,True,1.0,nan,nan,nan,,nan
4096,12288,5120,1.87196861123139,275.32303289047667,base,1.7911305697459095,287.7490252389106,0.956816561452756,True,1.0,nan,nan,nan,,nan
8192,12288,5120,3.734679751925998,276.00549967059794,base,3.5723946182816118,288.5437531914742,0.9565464392065491,True,2.0,nan,nan,nan,,nan
1,17408,5120,0.09780703092876233,1.8225470940819584,swapAB,0.1461439511912912,1.2197420320644956,1.494207009491322,True,0.03125,nan,nan,nan,,nan
2,17408,5120,0.09782790362350341,3.6443164659039686,swapAB,0.11444946737850414,3.1150502327891187,1.1699061631635268,True,0.25,nan,nan,nan,,nan
3,17408,5120,0.09804131994285736,5.454575278175455,swapAB,0.10843408518824084,4.931786523320931,1.1060039302963365,True,0.5,nan,nan,nan,,nan
4,17408,5120,0.09811828705017457,7.267062047621951,swapAB,0.1099935319688585,6.482487353909814,1.1210298841908166,True,1.0,nan,nan,nan,,nan
5,17408,5120,0.09826942028537873,9.069857107243084,swapAB,0.10923664046753334,8.159254954979174,1.1116035909269162,True,0.25,nan,nan,nan,,nan
6,17408,5120,0.09835499201262261,10.874359278710909,swapAB,0.10803979784412404,9.899569800594266,1.0984678625184425,True,0.25,nan,nan,nan,,nan
7,17408,5120,0.09846007272271323,12.67321265863894,swapAB,0.10825775245674771,11.526245573022926,1.0995091661330278,True,0.0625,nan,nan,nan,,nan
8,17408,5120,0.09859115647012273,14.46441456878698,swapAB,0.10820733535733212,13.178989717200999,1.0975359173327428,True,0.25,nan,nan,nan,,nan
12,17408,5120,0.09906524781756074,21.59278947082808,swapAB,0.10819908158969035,19.769992578234802,1.0922001809247028,True,0.25,nan,nan,nan,,nan
14,17408,5120,0.09899082804113869,25.21052636273405,swapAB,0.10765180178601357,23.182249052929805,1.0874926891335381,True,0.0625,nan,nan,nan,,nan
16,17408,5120,0.09901292314413587,28.805600616881897,swapAB,0.10835031877484239,26.323196389729763,1.0943048173329233,True,0.5,nan,nan,nan,,nan
24,17408,5120,0.10301313799766926,41.530528660303474,swapAB,0.10807701362358345,39.58464373285068,1.0491575708142078,True,1.0,nan,nan,nan,,nan
32,17408,5120,0.10391528258562341,54.89330633634035,swapAB,0.10917271496324041,52.24980840607181,1.0505934473428873,True,0.5,nan,nan,nan,,nan
48,17408,5120,0.10412287432203425,82.17579677580336,base,0.10994957012837159,77.82095145992841,1.0559598056073285,True,0.5,nan,nan,nan,,nan
64,17408,5120,0.1052713444946419,108.37238694695944,base,0.11142721251409245,102.38528473066793,1.0584761983330029,True,1.0,nan,nan,nan,,nan
96,17408,5120,0.12959053794744657,132.05254481573195,base,0.1355050109777437,126.28876376247607,1.045639698113574,True,0.5,nan,nan,nan,,nan
128,17408,5120,0.13850450912010637,164.73841830098013,base,0.13682780801656408,166.7571387041282,0.9878942489728741,True,0.5,nan,nan,nan,,nan
256,17408,5120,0.18560419968568562,245.86742970945522,base,0.1913310448160635,238.5082230846038,1.0308551484291633,True,0.5,nan,nan,nan,,nan
512,17408,5120,0.34803809600622476,262.23581868568675,base,0.3401795559703644,268.2937685060387,0.9774204602138733,True,1.0,nan,nan,nan,,nan
1024,17408,5120,0.6808248890770806,268.11021895431014,base,0.6422901669064083,284.1957101090081,0.9433999508700253,True,1.0,nan,nan,nan,,nan
2048,17408,5120,1.3408862964527026,272.26187718212486,base,1.2710978190104165,287.2101695872773,0.9479534710535035,True,1.0,nan,nan,nan,,nan
4096,17408,5120,2.660634091025905,274.42497364921985,base,2.5336455294960425,288.1793967703249,0.9522713168420324,True,1.0,nan,nan,nan,,nan
8192,17408,5120,5.2955307430691185,275.7587391124584,base,5.067506489000822,288.1671456779783,0.9569402454387148,True,1.0,nan,nan,nan,,nan
