i	batch_size	steps	topk	num_draft_tokens	backend	benchmark_duration_s	speed_token_per_s	step_time_ms	output_throughput_tok_s	accept_length	mean_e2e_latency_ms	mean_ttft_ms	mean_itl_ms	median_itl_ms	p99_itl_ms
0	1	3	1	4	sglang	45.54	193.9	15.12	179.9	2.93	2845.41	214.87	5.15	3.89	15.4
1	1	3	2	4	sglang	47.59	182.76	16.26	172.14	2.97	2973.67	173.96	5.48	4.15	16.57
2	1	3	2	6	sglang	44.71	194.87	16.63	183.23	3.24	2793.57	172.33	5.13	4.25	16.7
3	1	3	3	4	sglang	47.85	181.47	16.27	171.22	2.95	2989.71	175.0	5.51	4.14	16.63
4	1	3	3	6	sglang	44.94	193.88	16.65	182.3	3.23	2807.92	173.23	5.16	4.26	16.81
5	1	3	3	8	sglang	45.24	192.46	17.16	181.06	3.3	2827.18	169.53	5.2	4.37	17.27
6	1	3	4	4	sglang	47.37	183.5	16.19	172.94	2.97	2960.06	167.87	5.46	4.13	16.55
7	1	3	4	6	sglang	44.74	194.96	16.66	183.12	3.25	2795.47	169.84	5.14	4.26	16.83
8	1	3	4	8	sglang	46.98	185.84	17.11	174.35	3.18	2935.87	167.56	5.42	4.36	17.46
9	1	3	4	12	sglang	45.85	190.6	18.41	178.68	3.51	2864.88	171.8	5.27	4.67	18.29
10	1	4	1	4	sglang	42.83	203.01	15.76	191.29	3.2	2676.02	167.32	4.91	3.34	15.96
11	1	4	2	4	sglang	49.1	176.48	16.74	166.84	2.95	3068.06	168.7	5.67	4.29	17.08
12	1	4	2	6	sglang	43.48	201.13	17.23	188.42	3.47	2716.76	170.13	4.98	3.59	17.34
13	1	4	2	8	sglang	44.0	196.97	17.9	186.19	3.53	2749.28	170.91	5.05	3.68	18.0
14	1	4	3	4	sglang	49.24	175.47	16.85	166.36	2.96	3076.96	168.33	5.69	4.3	17.16
15	1	4	3	6	sglang	44.25	199.65	17.3	185.13	3.45	2765.0	172.59	5.07	3.57	17.79
16	1	4	3	8	sglang	41.7	211.0	17.89	196.47	3.77	2605.36	174.53	4.76	3.68	17.91
17	1	4	3	12	sglang	42.31	206.12	19.16	193.61	3.95	2643.8	170.34	4.84	3.93	19.0
18	1	4	4	4	sglang	49.52	175.36	16.9	165.42	2.96	3094.59	170.83	5.72	4.32	17.19
19	1	4	4	6	sglang	43.88	200.01	17.28	186.68	3.46	2742.0	165.67	5.04	3.56	17.75
20	1	4	4	8	sglang	43.36	200.97	17.95	188.92	3.61	2709.48	168.87	4.97	3.69	18.06
21	1	4	4	12	sglang	43.53	201.01	19.24	188.17	3.87	2720.27	169.04	4.99	3.97	19.25
22	1	5	1	4	sglang	42.47	203.9	16.64	192.9	3.39	2653.64	172.13	4.86	3.44	16.77
23	1	5	1	6	sglang	42.53	204.22	16.61	192.63	3.39	2657.2	170.76	4.87	3.44	16.8
24	1	5	2	4	sglang	50.94	170.16	17.36	160.82	2.95	3182.91	171.93	5.89	4.44	17.7
25	1	5	2	6	sglang	42.11	205.79	17.82	194.54	3.67	2631.23	170.38	4.82	3.6	17.97
26	1	5	2	8	sglang	43.75	199.2	18.43	187.27	3.67	2733.42	168.76	5.02	3.75	18.63
27	1	5	3	4	sglang	50.86	170.29	17.36	161.08	2.96	3177.41	167.49	5.89	4.44	17.71
28	1	5	3	6	sglang	42.09	205.59	17.91	194.62	3.68	2630.05	170.39	4.81	3.62	18.0
29	1	5	3	8	sglang	43.15	201.46	18.53	189.86	3.73	2695.87	167.23	4.95	3.72	18.67
30	1	5	3	12	sglang	44.45	195.46	19.89	184.29	3.89	2777.53	171.6	5.1	3.48	20.22
31	1	5	4	4	sglang	51.14	169.44	17.49	160.2	2.96	3195.31	171.96	5.92	4.46	17.83
32	1	5	4	6	sglang	42.65	201.32	18.02	192.09	3.63	2664.66	170.84	4.88	3.64	18.17
33	1	5	4	8	sglang	44.31	195.66	18.54	184.88	3.63	2768.72	167.85	5.09	3.73	18.66
34	1	5	4	12	sglang	46.22	186.96	19.97	177.25	3.73	2887.88	175.83	5.31	3.83	20.27
35	1	6	1	4	sglang	42.8	203.46	17.5	191.39	3.56	2674.52	168.34	4.9	3.56	17.69
36	1	6	1	6	sglang	42.82	202.74	17.56	191.3	3.56	2675.79	166.7	4.91	3.57	17.76
37	1	6	2	4	sglang	52.43	164.76	17.93	156.25	2.95	3276.23	166.48	6.09	4.57	18.25
38	1	6	2	6	sglang	43.54	198.78	18.45	188.13	3.67	2720.81	173.76	4.98	3.72	18.59
39	1	6	2	8	sglang	39.26	222.46	19.1	208.65	4.25	2453.21	166.9	4.47	3.21	19.08
40	1	6	2	12	sglang	42.38	207.07	20.39	193.28	4.22	2648.28	171.04	4.85	3.47	20.47
41	1	6	3	4	sglang	52.77	163.76	18.05	155.23	2.96	3297.62	170.6	6.12	4.62	18.38
42	1	6	3	6	sglang	43.49	198.12	18.58	188.36	3.68	2717.43	170.67	4.98	3.74	18.72
43	1	6	3	8	sglang	40.65	209.81	19.24	201.54	4.04	2539.74	172.2	4.63	3.29	19.23
44	1	6	3	12	sglang	44.86	194.56	20.55	182.62	4.0	2802.96	169.82	5.15	3.58	20.68
45	1	6	4	4	sglang	52.76	163.49	18.13	155.27	2.96	3296.74	170.08	6.12	4.63	18.44
46	1	6	4	6	sglang	43.68	197.16	18.59	187.57	3.66	2728.97	168.37	5.01	3.75	18.77
47	1	6	4	8	sglang	41.48	206.0	19.23	197.49	3.96	2591.86	167.66	4.74	3.32	19.39
48	1	6	4	12	sglang	43.98	198.36	20.6	186.26	4.09	2748.09	167.36	5.05	4.01	20.7
0	1	0	0	0	sglang	86.1	99.07	10.09	95.15		5379.73	164.37	10.21	10.15	10.53
0	1	3	1	3	sglang	44.65	195.11	15.03	183.46	2.93	2790.03	168.0	5.13	3.88	15.39
