M,N,K,tilelang_ms,tilelang_tflops,kernel_type,baseline_ms,baseline_tflops,speedup,allclose,max_diff,deepgemm_ms,deepgemm_tflops,tilelang_deepgemm_speedup,deepgemm_allclose,deepgemm_max_diff,tilelang_over_triton,tilelang_over_deepgemm
256,17408,5120,0.21432538691885725,212.9193754227392,base,0.1850738024398489,246.57205351811788,0.8635178739227803,True,0.5,0.20319518667136505,224.58222690976223,0.9480686800219983,True,0.5,1.158053620195735,1.0547759050291554
256,6144,5120,0.07228372634426741,222.8181663365135,base,0.06596189996470575,244.17318737965266,0.9125414986292689,True,0.5,0.06098524141098636,264.0987718890708,0.8436925501119091,True,0.5,1.095840574376182,1.1852658884653633
1024,5120,17408,0.7766620608141823,235.02642821080462,base,0.7101861681256976,257.0257184278088,0.9144082142768793,True,2.0,0.8280829333384103,220.43216051332806,1.0662075246347467,True,2.0,1.0936034742325749,0.9379037165795397
8192,12288,5120,4.096069183349609,251.65398944679382,base,3.7630885197566104,273.9218452152355,0.9187072657496718,True,1.0,4.368260701497396,235.9731301491815,1.066451884956982,True,1.0,1.0884860034104473,0.9376888110056063
4096,6144,5120,1.038378611649617,248.17348399598563,base,0.9542258702791655,270.05978960160513,0.9189575551476715,True,1.0,1.0991139184860956,234.4598075101712,1.0584905218145737,True,1.0,1.0881895408535005,0.9447415724476179
4096,12288,5120,2.088716506958008,246.7525266368576,base,1.9218328916109524,268.1794435768948,0.9201023141287357,True,1.0,2.186280599454554,235.74104607093162,1.0467100691604327,True,1.0,1.0868356536489328,0.9553743958936987
8192,17408,5120,5.743851156795726,254.2351535193052,base,5.2874435848659935,276.18051279444717,0.9205397982171347,True,1.0,6.078514099121094,240.23780430996229,1.0582645568608473,True,1.0,1.0863191378979602,0.9449432975118447
128,17408,5120,0.10653770648367036,214.1684340041363,base,0.0985099769523414,231.62134908465922,0.924648936078238,True,1.0,0.08608603652970147,265.0489519531737,0.8080335063613967,True,1.0,1.0814915380115533,1.2375724423892212
512,5120,17408,0.388996333866329,234.62446068029652,base,0.3609810428342958,252.83337408356803,0.9279805782394337,True,2.0,0.3574924544984126,255.30064730472589,0.9190124003103277,True,2.0,1.0776087597621942,1.0881245994747457
128,12288,5120,0.07911163941025734,203.58732899563367,base,0.0739179202374863,217.89205253954145,0.9343494938104185,True,1.0,0.06317105974469867,254.9605377065347,0.79850525429142,True,1.0,1.0702633293264265,1.2523399121366872
256,12288,5120,0.145711348998589,221.0689485848623,base,0.13725764134547094,234.68460046550916,0.9419831899765068,True,0.5,0.12155736483060398,264.99632305199543,0.8342340227169338,True,0.5,1.061590069377926,1.1987044075992004
1024,5120,6144,0.26756609558428407,240.7797942385645,base,0.25306293915729133,254.57899783562115,0.9457959858653908,True,1.0,0.2998640096870957,214.84575460464947,1.1207100400081806,True,1.0,1.0573104717557174,0.8922914619313131
8192,6144,5120,2.010492586622051,256.3531340276901,base,1.9023446303147535,270.9267644289693,0.9462082292534073,True,2.0,2.195104054042271,234.79345982296434,1.0918239980831745,True,2.0,1.0568498234147006,0.915898534704877
1024,6144,5120,0.2555254524136767,252.1256056156062,base,0.2418971096512175,266.3302159041558,0.9466654196921412,True,1.0,0.29558707370820186,217.9544207795727,1.1567813339771271,True,1.0,1.0563394196074083,0.8644676142567951
2048,6144,5120,0.5055129892133139,254.88765200774876,base,0.47952824372511643,268.6995407800444,0.9485972743674989,True,1.0,0.5511241075469226,233.79310960195986,1.0902273913961922,True,1.0,1.0541881439273322,0.9172398417905799
96,12288,5120,0.07498433459269044,161.0949218342138,base,0.07223094789321813,167.2357330525102,0.9632805076629871,True,0.5,0.06291315290662977,192.004294204226,0.8390172860554079,True,0.5,1.0381192103908528,1.1918705569243313
2048,5120,17408,1.3920812479654947,262.2492190693233,base,1.3442808452405428,271.5743674043609,0.9656626344225157,True,2.0,1.6429709049693324,222.20248639571278,1.1802263031489786,True,2.0,1.0355583454857593,0.847295130884548
8192,1024,5120,0.341486305590497,251.54550713670096,base,0.3314219190922868,259.18426323540996,0.9705277010133485,True,1.0,0.44126300902163246,194.66699941709564,1.2921836155584685,True,1.0,1.0303672929230963,0.77388382576559
256,5120,17408,0.2207511851105616,206.72155167431845,base,0.21458572949165905,212.66105452633929,0.9720705661633724,True,1.0,0.18032234373214695,253.06917920158222,0.816857873908282,True,1.0,1.028731899523366,1.224203171618422
1024,2048,6144,0.11297651218628911,228.09877272107394,base,0.11029063734078765,233.65359378941426,0.976226254523837,True,1.0,0.11983374759427812,215.04629783630725,1.06069611528352,True,1.0,1.0243527003765729,0.9427770928836708
