mc,variant,schema,task,completed,duration,total_input_tokens,total_output_tokens,request_throughput,input_throughput,output_throughput,total_throughput,mean_e2e_latency_ms,median_e2e_latency_ms,p99_e2e_latency_ms,mean_ttft_ms,median_ttft_ms,p99_ttft_ms,mean_itl_ms,median_itl_ms,p95_itl_ms,p99_itl_ms,mean_tpot_ms,median_tpot_ms,p99_tpot_ms,concurrency,max_output_tokens_per_s
8,hot0,bench_serving,sharegpt,1024,311.3995,297965,197792,3.2884,956.8576,635.1712,1592.0288,2419.2747,1586.5673,10125.7963,54.6616,46.5836,154.6393,12.3057,11.0826,20.8153,41.2752,12.2717,12.0779,17.113,7.9555,752.0
8,hot20,bench_serving,sharegpt,1024,357.0535,297965,197792,2.8679,834.5107,553.9561,1388.4668,2774.4221,1799.6611,11621.2366,62.108,55.1386,161.6025,14.1151,12.7474,22.2312,49.2023,14.0106,13.8267,19.5126,7.9568,648.0
8,hot40,bench_serving,sharegpt,1024,394.7969,297965,197792,2.5937,754.7298,500.9968,1255.7266,3068.1687,2024.3397,12762.6844,67.3621,62.0058,171.0367,15.6165,14.2237,23.9629,52.5116,15.5759,15.3904,21.8681,7.958,600.0
8,hot60,bench_serving,sharegpt,1024,436.0557,297965,197792,2.3483,683.3187,453.5934,1136.9121,3389.2704,2183.1475,14108.7904,72.822,68.0367,170.8844,17.2592,15.7953,26.2321,57.3246,17.0865,16.9675,21.535,7.9591,544.0
8,hot80,bench_serving,sharegpt,1024,473.2913,297965,197792,2.1636,629.5594,417.9075,1047.467,3679.4317,2348.2323,15236.7971,78.2426,73.7445,178.87,18.741,17.2253,27.4451,61.9485,18.6078,18.4734,23.6238,7.9607,488.0
8,hot100,bench_serving,sharegpt,1024,494.6473,297965,197792,2.0702,602.3788,399.8647,1002.2435,3846.3217,2482.6053,15948.1604,82.4862,77.4981,178.1646,19.5874,18.0062,28.5591,65.0872,19.4645,19.332,26.547,7.9625,472.0
8,thr32,bench_serving,sharegpt,1024,298.3731,297965,197792,3.4319,998.6322,662.9015,1661.5337,2317.4783,1527.0296,9768.7354,56.6839,49.5256,152.7742,11.7654,10.447,21.1701,45.5705,11.6636,11.5418,16.5198,7.9535,800.0
8,thr64,bench_serving,sharegpt,1024,298.5222,297965,197792,3.4302,998.1334,662.5704,1660.7038,2319.7784,1533.0409,9749.4532,57.3293,48.5236,182.6754,11.774,10.4553,20.9992,43.3479,11.7108,11.5113,17.2179,7.9574,792.0
8,thr128,bench_serving,sharegpt,1024,295.9911,297965,197792,3.4596,1006.6689,668.2364,1674.9053,2299.9404,1495.839,9632.2326,56.4957,48.7991,166.7877,11.6751,10.4463,21.1899,40.8352,11.6437,11.4166,17.0891,7.9568,800.0
8,thr256,bench_serving,sharegpt,1024,294.3495,297965,197792,3.4789,1012.2829,671.963,1684.2459,2287.0427,1473.9953,9593.375,59.3331,44.9722,189.2976,11.5932,10.4498,20.6532,40.1356,11.5755,11.3625,16.5119,7.9563,800.0
8,thr512,bench_serving,sharegpt,1024,295.9022,297965,197792,3.4606,1006.9713,668.4371,1675.4085,2298.805,1482.4946,9673.1244,54.2798,45.6276,160.9829,11.6807,10.5325,20.8383,37.9907,11.6295,11.4445,16.6341,7.9553,800.0
16,hot0,bench_serving,sharegpt,1024,201.3887,297965,197792,5.0847,1479.5519,982.1406,2461.6925,3102.0156,2015.4196,13049.0692,62.1848,51.7752,226.9223,15.8196,13.5808,25.0886,57.4576,15.884,15.6309,25.2015,15.7728,1183.0
16,hot20,bench_serving,sharegpt,1024,233.6976,297965,197792,4.3817,1275.0022,846.3586,2121.3608,3600.6967,2333.4,15102.0041,69.5851,60.8114,193.3718,18.3763,15.8339,28.2544,68.3248,18.4337,18.1772,27.6902,15.7773,1024.0
16,hot40,bench_serving,sharegpt,1024,265.0197,297965,197792,3.8639,1124.3125,746.3293,1870.6419,4087.1796,2688.9425,17135.5711,77.6579,69.425,205.8196,20.866,18.1407,32.1012,71.8421,20.9221,20.664,30.5068,15.7923,896.0
16,hot60,bench_serving,sharegpt,1024,292.819,297965,197792,3.497,1017.5739,675.4753,1693.0492,4516.4051,2950.599,18908.3228,97.0731,77.0915,978.1504,22.9987,20.0445,35.6129,77.1826,23.0978,22.821,36.0002,15.7941,832.0
16,hot80,bench_serving,sharegpt,1024,318.1309,297965,197792,3.2188,936.6112,621.7314,1558.3427,4907.9555,3216.9053,20477.5729,90.5486,83.4744,277.6613,25.0703,22.0952,38.6278,80.6919,25.1572,24.8704,38.3313,15.7977,751.0
16,hot100,bench_serving,sharegpt,1024,343.223,297965,197792,2.9835,868.1382,576.2784,1444.4166,5299.8083,3415.5012,22229.883,95.4081,88.9415,225.2279,27.0843,24.0194,41.9601,83.8013,27.2373,26.868,40.6332,15.8119,719.0
16,thr32,bench_serving,sharegpt,1024,194.746,297965,197792,5.2581,1530.0186,1015.6409,2545.6596,3001.0711,1962.9769,12609.3793,65.2909,55.6508,227.4088,15.2781,12.6289,26.024,64.4735,15.4206,15.0378,27.1865,15.78,1267.0
16,thr64,bench_serving,sharegpt,1024,193.5334,297965,197792,5.2911,1539.6052,1022.0045,2561.6097,2982.1983,1951.5616,12475.0794,64.1664,55.2306,192.5751,15.1858,12.6277,27.0403,60.9169,15.2739,14.9858,26.0881,15.779,1273.0
16,thr128,bench_serving,sharegpt,1024,191.5852,297965,197792,5.3449,1555.2611,1032.3971,2587.6581,2951.4019,1931.6815,12333.7827,67.9935,54.1334,510.4246,15.0056,12.6254,26.1314,59.2436,15.1054,14.7873,26.9623,15.7749,1247.0
16,thr256,bench_serving,sharegpt,1024,192.4381,297965,197792,5.3212,1548.3682,1027.8216,2576.1898,2964.8708,1919.1647,12635.689,63.5135,50.7336,281.143,15.099,12.6151,27.2874,59.1066,15.2401,14.8376,27.0864,15.7766,1294.0
16,thr512,bench_serving,sharegpt,1024,190.8777,297965,197792,5.3647,1561.0255,1036.2236,2597.2491,2940.359,1903.7939,12316.4341,61.3807,49.9452,274.7789,14.9825,12.6643,25.6067,58.0467,15.0988,14.7785,24.9851,15.7741,1278.0
32,hot0,bench_serving,sharegpt,1024,134.4188,297965,197792,7.618,2216.6916,1471.4609,3688.1525,4050.6819,2666.6642,16933.8381,78.911,60.2306,564.6724,20.6695,16.3333,43.6032,76.7895,20.8117,20.5502,32.4302,30.858,1918.0
32,hot20,bench_serving,sharegpt,1024,158.6045,297965,197792,6.4563,1878.667,1247.077,3125.744,4784.3414,3120.7289,20099.2575,130.3373,71.7677,1831.4763,24.22,19.4045,51.5857,85.8458,24.2181,24.0845,35.1256,30.8892,1567.0
32,hot40,bench_serving,sharegpt,1024,177.5783,297965,197792,5.7665,1677.9359,1113.8298,2791.7657,5362.6455,3482.1296,22339.9167,96.3566,80.3004,598.2066,27.4064,22.2166,57.8073,86.4895,27.5099,27.2986,40.0499,30.9235,1373.0
32,hot60,bench_serving,sharegpt,1024,194.6939,297965,197792,5.2595,1530.4282,1015.9128,2546.341,5883.3434,3857.4795,24403.5988,136.389,86.9277,1628.7286,29.9078,24.6557,62.9322,91.9988,29.8743,29.8627,40.5241,30.9437,1376.0
32,hot80,bench_serving,sharegpt,1024,212.6694,297965,197792,4.815,1401.0713,930.0444,2331.1157,6427.6134,4215.1757,26699.0859,111.3684,95.612,616.8832,32.8705,27.224,69.1861,101.2229,33.0361,32.8277,46.1873,30.9489,1215.0
32,hot100,bench_serving,sharegpt,1024,231.6804,297965,197792,4.4199,1286.1036,853.7278,2139.8314,7012.7455,4564.279,29155.2843,118.9713,103.5371,592.3895,35.876,30.034,74.0456,104.6624,35.9897,35.9329,49.9827,30.9955,1120.0
32,thr32,bench_serving,sharegpt,1024,141.157,297965,197792,7.2543,2110.8764,1401.2198,3512.0963,4271.6062,2766.9402,18159.2477,86.407,66.2037,586.6676,21.7802,16.8627,49.148,84.6742,21.9524,21.6023,34.5449,30.9877,1816.0
32,thr64,bench_serving,sharegpt,1024,130.6775,297965,197792,7.8361,2280.1553,1513.5887,3793.744,3942.3148,2566.3856,16681.2552,117.1145,61.4416,1731.1846,19.9068,15.2645,44.715,74.9457,20.0574,19.7717,32.242,30.8923,1979.0
32,thr128,bench_serving,sharegpt,1024,129.2655,297965,197792,7.9217,2305.0612,1530.1216,3835.1828,3900.872,2546.5509,16287.711,78.4814,61.2921,591.345,19.8921,15.2766,44.1036,75.1682,20.0214,19.7532,31.9028,30.9015,1981.0
32,thr256,bench_serving,sharegpt,1024,128.865,297965,197792,7.9463,2312.2258,1534.8775,3847.1032,3886.0495,2549.4859,16275.7513,108.9147,59.5842,1542.5808,19.6566,15.2429,42.9088,72.5944,19.7778,19.5698,30.8004,30.8797,1981.0
32,thr512,bench_serving,sharegpt,1024,128.3293,297965,197792,7.9795,2321.8776,1541.2845,3863.1621,3871.7539,2537.3785,16281.003,91.6968,58.8958,1011.6611,19.6718,15.2626,41.9953,75.9395,19.7852,19.5462,31.0205,30.8945,2012.0
64,hot0,bench_serving,sharegpt,1024,101.1964,297965,197792,10.1189,2944.4226,1954.5357,4898.9582,5830.317,3856.8718,24244.7071,173.3115,75.5859,1775.439,29.4397,21.5487,64.3222,115.2263,31.0378,29.8843,66.3466,58.9966,2700.0
64,hot20,bench_serving,sharegpt,1024,114.224,297965,197792,8.9648,2608.6019,1731.6147,4340.2166,6580.0171,4336.6622,27240.6494,146.4731,85.1775,1153.7395,33.4809,24.8592,73.3634,119.3069,35.2107,34.1907,68.7987,58.9888,2540.0
64,hot40,bench_serving,sharegpt,1024,124.4755,297965,197792,8.2265,2393.7645,1589.0037,3982.7682,7183.6716,4817.3598,29978.3342,141.3538,92.3134,1049.4961,36.649,27.6026,78.6127,130.7335,38.4022,37.319,79.5739,59.0966,2234.0
64,hot60,bench_serving,sharegpt,1024,134.4735,297965,197792,7.6149,2215.7893,1470.862,3686.6512,7763.2149,5182.4565,32235.1266,150.5544,102.6586,1086.0614,39.6172,30.2641,82.3755,129.8305,41.1765,40.3892,74.7637,59.116,1980.0
64,hot80,bench_serving,sharegpt,1024,144.4891,297965,197792,7.087,2062.1969,1368.9059,3431.1027,8342.2969,5573.153,34492.3633,173.5945,108.1198,1223.0146,42.5109,32.8545,87.5341,132.1083,44.0963,43.1461,82.7154,59.1222,1916.0
64,hot100,bench_serving,sharegpt,1024,158.3065,297965,197792,6.4685,1882.2028,1249.4241,3131.6269,9172.371,6148.0699,37841.0749,258.5559,117.6296,2628.8784,46.3886,35.9473,94.1539,137.5406,47.981,47.2327,76.8663,59.3311,1725.0
64,thr32,bench_serving,sharegpt,1024,104.9052,297965,197792,9.7612,2840.3264,1885.4357,4725.7621,6092.1741,4079.1123,25443.6225,132.8026,82.0257,1038.3757,31.0133,22.1422,71.7255,123.3015,32.6268,31.682,68.7346,59.4669,2609.0
64,thr64,bench_serving,sharegpt,1024,103.9938,297965,197792,9.8467,2865.2194,1901.9599,4767.1793,6042.1759,4021.3772,25111.7738,150.7543,77.7959,1262.8981,30.6596,22.3472,69.2108,119.8176,32.4036,31.3439,72.7292,59.4958,2772.0
64,thr128,bench_serving,sharegpt,1024,97.2983,297965,197792,10.5243,3062.3876,2032.842,5095.2295,5625.9685,3784.225,23353.5071,148.6898,74.2998,1258.7555,28.5044,20.4915,66.0833,115.3155,30.1285,29.0406,69.7191,59.2096,2773.0
64,thr256,bench_serving,sharegpt,1024,97.2056,297965,197792,10.5344,3065.3059,2034.7792,5100.0852,5622.2137,3757.472,23389.8775,125.914,74.7871,1074.6817,28.6034,20.4594,65.4941,112.5381,30.1379,29.1603,64.4183,59.2265,2871.0
64,thr512,bench_serving,sharegpt,1024,96.4058,297965,197792,10.6218,3090.7358,2051.6598,5142.3956,5576.3255,3761.9344,23104.0351,127.3622,72.6746,1081.8453,28.357,20.4044,63.6769,118.2717,29.9173,28.9148,65.2455,59.2304,2864.0
128,hot0,bench_serving,sharegpt,1024,74.133,297965,197792,13.813,4019.3295,2668.0692,6687.3987,7828.9264,5404.3555,33087.7879,281.818,96.4836,2245.3378,39.276,29.4521,93.9701,167.3045,46.2375,41.7977,170.454,108.141,4699.0
128,hot20,bench_serving,sharegpt,1024,84.3333,297965,197792,12.1423,3533.1833,2345.3607,5878.544,8957.4519,5982.0869,38289.9093,262.9998,109.2844,2178.544,45.247,36.6897,98.8732,158.2697,51.8737,48.0415,175.7228,108.764,3956.0
128,hot40,bench_serving,sharegpt,1024,92.8587,297965,197792,11.0275,3208.8005,2130.0323,5338.8329,9899.4001,6770.3369,42267.8331,272.7386,115.851,2169.8927,50.0983,41.2599,106.5868,177.486,57.3345,53.2048,180.0839,109.1657,3631.0
128,hot60,bench_serving,sharegpt,1024,99.9904,297965,197792,10.241,2979.9364,1978.1101,4958.0465,10674.249,7235.4558,45676.9817,278.1057,124.5749,2192.1304,54.1028,45.7249,110.0598,164.8913,61.9072,57.4757,199.1385,109.3148,3161.0
128,hot80,bench_serving,sharegpt,1024,109.1587,297965,197792,9.3808,2729.6497,1811.9674,4541.6171,11710.1024,7910.6698,49967.5159,288.4855,133.3036,2135.506,59.4395,49.6132,123.6006,187.9399,67.2418,63.5054,194.6235,109.8506,2866.0
128,hot100,bench_serving,sharegpt,1024,115.5106,297965,197792,8.865,2579.5465,1712.3275,4291.874,12364.9645,8332.1941,52451.1704,301.8864,139.8853,2229.9239,62.7777,53.474,120.7032,179.3421,70.312,66.8548,196.867,109.6152,2795.0
128,thr32,bench_serving,sharegpt,1024,79.228,297965,197792,12.9247,3760.8569,2496.4925,6257.3494,8523.9479,5840.6553,36131.0275,308.8015,109.0674,2432.5278,42.7526,30.9621,104.476,173.5181,49.7592,45.7479,171.086,110.1697,4234.0
128,thr64,bench_serving,sharegpt,1024,77.4939,297965,197792,13.2139,3845.0135,2552.3565,6397.3699,8357.5313,5756.6162,34784.923,493.4708,104.9245,4081.5312,40.9255,29.0534,105.0702,174.0924,48.0838,43.5953,184.3499,110.436,4666.0
128,thr128,bench_serving,sharegpt,1024,76.0905,297965,197792,13.4577,3915.9266,2599.4293,6515.356,8145.7564,5492.423,34750.4256,305.5464,99.1243,2376.5552,40.8014,30.3929,96.0775,168.3792,47.3142,43.6368,165.175,109.6227,4923.0
128,thr256,bench_serving,sharegpt,1024,73.4674,297965,197792,13.9382,4055.7471,2692.2435,6747.9905,7827.4386,5277.6589,33441.2317,290.2619,96.7014,2235.6612,39.2244,28.0497,94.8864,163.4019,46.2046,41.8556,166.1602,109.1001,4705.0
128,thr512,bench_serving,sharegpt,1024,72.7574,297965,197792,14.0742,4095.3214,2718.5133,6813.8347,7745.932,5244.6599,32546.0267,340.9993,97.3035,2713.1777,38.5361,27.5934,93.1122,168.9668,45.0454,41.0219,157.4807,109.0175,4713.0
256,hot0,bench_serving,sharegpt,1024,60.3483,297965,197792,16.9682,4937.4254,3277.5099,8214.9353,11563.8249,8454.4007,45715.0151,669.8516,167.712,3505.3154,56.6935,38.6384,148.0673,274.2937,81.5172,64.8395,429.5263,196.2171,6875.0
256,hot20,bench_serving,sharegpt,1024,64.0419,297965,197792,15.9895,4652.6552,3088.4767,7741.1319,12151.5513,9028.2581,47991.5251,677.2156,170.845,3474.831,59.7138,43.9738,159.604,231.8788,85.0894,67.3299,444.9623,194.2975,6269.0
256,hot40,bench_serving,sharegpt,1024,67.5652,297965,197792,15.1557,4410.0333,2927.422,7337.4553,12729.7876,9361.6883,50263.6459,752.2656,171.6316,3722.3562,62.3325,48.1444,145.487,220.4876,87.7885,70.4996,419.0674,192.9291,6060.0
256,hot60,bench_serving,sharegpt,1024,70.5811,297965,197792,14.5081,4221.5949,2802.3348,7023.9297,13288.2477,9785.4499,52402.4003,699.6775,175.6953,3521.4863,65.5124,50.2186,151.3486,300.8714,90.3113,74.1229,429.3986,192.7875,5789.0
256,hot80,bench_serving,sharegpt,1024,71.4869,297965,197792,14.3243,4168.1037,2766.8269,6934.9306,13360.7426,9910.1654,52745.9807,766.7071,175.5101,3733.5621,65.5409,50.6972,151.5324,228.9748,90.5022,73.5012,443.2698,191.3832,5533.0
256,hot100,bench_serving,sharegpt,1024,74.3471,297965,197792,13.7732,4007.7558,2660.3864,6668.1422,13934.1758,10347.1635,54984.4275,678.7917,170.1695,3541.5498,68.9826,53.6129,156.7407,210.0816,94.0977,78.1599,440.5443,191.9187,5579.0
256,thr32,bench_serving,sharegpt,1024,63.9703,297965,197792,16.0074,4657.8653,3091.9353,7749.8006,12468.0747,9198.3074,49372.743,682.1462,174.9745,3555.2905,61.3354,44.9367,154.8477,255.629,87.2994,70.4807,420.8188,199.5818,6418.0
256,thr64,bench_serving,sharegpt,1024,62.1353,297965,197792,16.4802,4795.4214,3183.2463,7978.6677,12024.392,8861.3509,47588.1974,753.6783,170.9165,3642.2806,58.6542,41.3018,155.7104,228.5929,84.0494,66.8563,466.7941,198.1639,6707.0
256,thr128,bench_serving,sharegpt,1024,60.9315,297965,197792,16.8057,4890.1607,3246.1351,8136.2958,11787.0352,8719.6688,46670.8746,680.6669,173.8308,3559.6368,57.7989,41.4714,141.5443,254.8172,83.1786,66.1606,432.9497,198.0899,6779.0
256,thr256,bench_serving,sharegpt,1024,60.4427,297965,197792,16.9417,4929.7108,3272.3889,8202.0996,11700.8903,8618.7889,46279.9319,666.7757,160.8042,3571.9408,57.4229,45.486,142.843,206.3204,82.5267,65.3464,419.1388,198.2326,7101.0
256,thr512,bench_serving,sharegpt,1024,61.3028,297965,197792,16.704,4860.5411,3226.4734,8087.0145,11715.009,8670.6689,46446.553,947.0437,162.5743,3947.401,56.0378,38.378,143.7095,284.4755,81.0599,63.7381,425.8928,195.687,7052.0
