Device_id,Name,Type,Accelerator Core,Start Time(us),Duration(us),Wait Time(us),Block Num
1,aclnnMatmul_MatMulCommon_MatMulV2,N/A,N/A,1789489835355663.604	,5.720,0,0
1,MoeGatingTopKSoftmax,N/A,N/A,1789489835355786.346	,20.320,117.030000,0
1,l1_norm_kernel,N/A,N/A,1789489835356009.671	,8.480,203.180000,0
1,aclnnInplaceCopy_CastAiCore_Cast,N/A,N/A,1789489835356144.413	,1.280,126.270000,0
1,aclnnInplaceCopy_CastAiCore_Cast,N/A,N/A,1789489835356470.820	,1.480,324.970000,0
1,MoeLowLatencyDispatchV2,N/A,N/A,1789489835356667.844	,174.523,195.520000,0
1,aclnnGroupedMatmulWeightNz_GroupedMatmul_GroupedMatmul,N/A,N/A,1789489835356844.907	,271.046,2.727000,0
1,_swiglu_quant_kernel,N/A,N/A,1789489835357117.153	,17.220,1.204000,0
1,aclnnGroupedMatmulWeightNz_GroupedMatmul_GroupedMatmul,N/A,N/A,1789489835357135.673	,107.782,1.280000,0
1,aclnnInplaceCopy_CastAiCore_Cast,N/A,N/A,1789489835357244.315	,1.340,0.718000,0
1,MoeLowLatencyCombineV2,N/A,N/A,1789489835357291.936	,49.621,46.410000,0
1,aclnnMatmul_MatMulCommon_MatMulV2,N/A,N/A,1789489835357506.680	,5.401,165.129000,0
1,MoeGatingTopKSoftmax,N/A,N/A,1789489835357581.362	,20.140,69.099000,0
1,l1_norm_kernel,N/A,N/A,1789489835357707.384	,8.101,106.110000,0
1,aclnnInplaceCopy_CastAiCore_Cast,N/A,N/A,1789489835357815.427	,1.280,99.899000,0
1,aclnnInplaceCopy_CastAiCore_Cast,N/A,N/A,1789489835358042.751	,1.220,225.970000,0
1,MoeLowLatencyDispatchV2,N/A,N/A,1789489835358134.173	,173.423,90.280000,0
1,aclnnGroupedMatmulWeightNz_GroupedMatmul_GroupedMatmul,N/A,N/A,1789489835358310.556	,270.626,2.827000,0
1,_swiglu_quant_kernel,N/A,N/A,1789489835358582.202	,17.400,1.124000,0
1,aclnnGroupedMatmulWeightNz_GroupedMatmul_GroupedMatmul,N/A,N/A,1789489835358600.682	,106.342,1.100000,0
1,aclnnInplaceCopy_CastAiCore_Cast,N/A,N/A,1789489835358708.104	,1.400,0.908000,0
1,MoeLowLatencyCombineV2,N/A,N/A,1789489835358709.524	,49.342,0.100000,0
1,aclnnMatmul_MatMulCommon_MatMulV2,N/A,N/A,1789489835358868.648	,5.840,109.908000,0
1,MoeGatingTopKSoftmax,N/A,N/A,1789489835358918.549	,20.120,43.910000,0
1,l1_norm_kernel,N/A,N/A,1789489835359035.511	,8.840,96.880000,0
1,aclnnInplaceCopy_CastAiCore_Cast,N/A,N/A,1789489835359141.153	,1.260,96.910000,0
1,aclnnInplaceCopy_CastAiCore_Cast,N/A,N/A,1789489835359320.137	,1.260,177.740000,0
1,MoeLowLatencyDispatchV2,N/A,N/A,1789489835359425.719	,197.644,104.240000,0
1,aclnnGroupedMatmulWeightNz_GroupedMatmul_GroupedMatmul,N/A,N/A,1789489835359625.963	,271.165,2.606000,0
1,_swiglu_quant_kernel,N/A,N/A,1789489835359899.508	,17.461,2.335000,0
1,aclnnGroupedMatmulWeightNz_GroupedMatmul_GroupedMatmul,N/A,N/A,1789489835359917.869	,112.322,0.789000,0
1,aclnnInplaceCopy_CastAiCore_Cast,N/A,N/A,1789489835360031.371	,1.320,1.178000,0
1,MoeLowLatencyCombineV2,N/A,N/A,1789489835360032.711	,51.741,0.180000,0
1,aclnnMatmul_MatMulCommon_MatMulV2,N/A,N/A,1789489835360187.414	,5.460,103.009000,0
1,MoeGatingTopKSoftmax,N/A,N/A,1789489835360242.355	,20.061,49.290000,0
1,l1_norm_kernel,N/A,N/A,1789489835360376.018	,8.080,113.689000,0
1,aclnnInplaceCopy_CastAiCore_Cast,N/A,N/A,1789489835360449.559	,1.320,65.420000,0
1,aclnnInplaceCopy_CastAiCore_Cast,N/A,N/A,1789489835360650.703	,1.260,199.930000,0
1,MoeLowLatencyDispatchV2,N/A,N/A,1789489835360747.585	,178.224,95.490000,0
1,aclnnGroupedMatmulWeightNz_GroupedMatmul_GroupedMatmul,N/A,N/A,1789489835360928.829	,266.565,3.026000,0
1,_swiglu_quant_kernel,N/A,N/A,1789489835361196.194	,17.320,0.935000,0
1,aclnnGroupedMatmulWeightNz_GroupedMatmul_GroupedMatmul,N/A,N/A,1789489835361214.695	,119.322,1.180000,0
1,aclnnInplaceCopy_CastAiCore_Cast,N/A,N/A,1789489835361334.897	,1.360,0.928000,0
1,MoeLowLatencyCombineV2,N/A,N/A,1789489835361336.297	,49.841,0.000000,0
1,aclnnMatmul_MatMulCommon_MatMulV2,N/A,N/A,1789489835361499.560	,5.700,113.409000,0
1,MoeGatingTopKSoftmax,N/A,N/A,1789489835361580.082	,20.240,74.800000,0
1,l1_norm_kernel,N/A,N/A,1789489835361683.004	,8.280,82.760000,0
1,aclnnInplaceCopy_CastAiCore_Cast,N/A,N/A,1789489835361781.246	,1.300,89.970000,0
1,aclnnInplaceCopy_CastAiCore_Cast,N/A,N/A,1789489835362015.171	,1.280,232.700000,0
1,MoeLowLatencyDispatchV2,N/A,N/A,1789489835362105.552	,207.444,88.970000,0
1,aclnnGroupedMatmulWeightNz_GroupedMatmul_GroupedMatmul,N/A,N/A,1789489835362315.557	,270.965,2.556000,0
1,_swiglu_quant_kernel,N/A,N/A,1789489835362587.802	,17.340,1.285000,0
1,aclnnGroupedMatmulWeightNz_GroupedMatmul_GroupedMatmul,N/A,N/A,1789489835362606.322	,109.763,1.160000,0
1,aclnnInplaceCopy_CastAiCore_Cast,N/A,N/A,1789489835362717.345	,1.400,1.237000,0
1,MoeLowLatencyCombineV2,N/A,N/A,1789489835362718.765	,49.061,0.100000,0
1,aclnnMatmul_MatMulCommon_MatMulV2,N/A,N/A,1789489835362885.568	,5.580,117.689000,0
1,MoeGatingTopKSoftmax,N/A,N/A,1789489835362925.629	,20.140,34.670000,0
1,l1_norm_kernel,N/A,N/A,1789489835363050.851	,8.300,104.860000,0
1,aclnnInplaceCopy_CastAiCore_Cast,N/A,N/A,1789489835363139.533	,1.380,80.450000,0
1,aclnnInplaceCopy_CastAiCore_Cast,N/A,N/A,1789489835363352.057	,1.240,211.120000,0
1,MoeLowLatencyDispatchV2,N/A,N/A,1789489835363438.619	,184.144,85.260000,0
1,aclnnGroupedMatmulWeightNz_GroupedMatmul_GroupedMatmul,N/A,N/A,1789489835363625.383	,271.585,2.856000,0
1,_swiglu_quant_kernel,N/A,N/A,1789489835363898.208	,17.380,1.165000,0
1,aclnnGroupedMatmulWeightNz_GroupedMatmul_GroupedMatmul,N/A,N/A,1789489835363916.688	,116.223,1.120000,0
1,aclnnInplaceCopy_CastAiCore_Cast,N/A,N/A,1789489835364033.891	,1.300,1.027000,0
1,MoeLowLatencyCombineV2,N/A,N/A,1789489835364035.211	,49.441,0.000000,0
1,aclnnMatmul_MatMulCommon_MatMulV2,N/A,N/A,1789489835364183.074	,5.300,98.309000,0
1,MoeGatingTopKSoftmax,N/A,N/A,1789489835364248.215	,20.001,59.950000,0
1,l1_norm_kernel,N/A,N/A,1789489835364358.077	,8.101,89.749000,0
1,aclnnInplaceCopy_CastAiCore_Cast,N/A,N/A,1789489835364446.499	,1.300,80.399000,0
1,aclnnInplaceCopy_CastAiCore_Cast,N/A,N/A,1789489835364641.243	,1.260,193.450000,0
1,MoeLowLatencyDispatchV2,N/A,N/A,1789489835364732.305	,220.244,89.740000,0
1,aclnnGroupedMatmulWeightNz_GroupedMatmul_GroupedMatmul,N/A,N/A,1789489835364955.669	,269.146,3.256000,0
1,_swiglu_quant_kernel,N/A,N/A,1789489835365226.075	,17.380,1.104000,0
1,aclnnGroupedMatmulWeightNz_GroupedMatmul_GroupedMatmul,N/A,N/A,1789489835365244.575	,103.602,1.120000,0
1,aclnnInplaceCopy_CastAiCore_Cast,N/A,N/A,1789489835365348.957	,1.500,0.898000,0
1,MoeLowLatencyCombineV2,N/A,N/A,1789489835365350.477	,49.921,0.000000,0
1,aclnnMatmul_MatMulCommon_MatMulV2,N/A,N/A,1789489835365512.660	,5.920,112.329000,0
1,MoeGatingTopKSoftmax,N/A,N/A,1789489835365568.662	,20.020,50.080000,0
1,l1_norm_kernel,N/A,N/A,1789489835365679.464	,8.300,90.730000,0
1,aclnnInplaceCopy_CastAiCore_Cast,N/A,N/A,1789489835365769.446	,1.380,81.700000,0
1,aclnnInplaceCopy_CastAiCore_Cast,N/A,N/A,1789489835365976.190	,1.200,205.370000,0
1,MoeLowLatencyDispatchV2,N/A,N/A,1789489835366078.452	,197.064,101.050000,0
1,aclnnGroupedMatmulWeightNz_GroupedMatmul_GroupedMatmul,N/A,N/A,1789489835366278.096	,272.705,2.436000,0
1,_swiglu_quant_kernel,N/A,N/A,1789489835366551.481	,17.381,0.795000,0
1,aclnnGroupedMatmulWeightNz_GroupedMatmul_GroupedMatmul,N/A,N/A,1789489835366570.002	,104.042,1.119000,0
1,aclnnInplaceCopy_CastAiCore_Cast,N/A,N/A,1789489835366674.984	,1.340,0.958000,0
1,MoeLowLatencyCombineV2,N/A,N/A,1789489835366676.344	,50.941,0.000000,0
1,aclnnMatmul_MatMulCommon_MatMulV2,N/A,N/A,1789489835366832.367	,6.220,105.059000,0
1,MoeGatingTopKSoftmax,N/A,N/A,1789489835366887.568	,20.460,49.030000,0
1,l1_norm_kernel,N/A,N/A,1789489835367007.670	,8.080,99.790000,0
1,aclnnInplaceCopy_CastAiCore_Cast,N/A,N/A,1789489835367094.672	,1.280,78.920000,0
1,aclnnInplaceCopy_CastAiCore_Cast,N/A,N/A,1789489835367296.836	,1.160,200.720000,0
1,MoeLowLatencyDispatchV2,N/A,N/A,1789489835367402.958	,216.884,105.090000,0
1,aclnnGroupedMatmulWeightNz_GroupedMatmul_GroupedMatmul,N/A,N/A,1789489835367622.763	,271.085,2.866000,0
1,_swiglu_quant_kernel,N/A,N/A,1789489835367895.088	,17.260,1.165000,0
1,aclnnGroupedMatmulWeightNz_GroupedMatmul_GroupedMatmul,N/A,N/A,1789489835367913.588	,110.823,1.240000,0
1,aclnnInplaceCopy_CastAiCore_Cast,N/A,N/A,1789489835368025.291	,1.420,0.927000,0
1,MoeLowLatencyCombineV2,N/A,N/A,1789489835368026.731	,49.821,0.080000,0
1,aclnnMatmul_MatMulCommon_MatMulV2,N/A,N/A,1789489835368172.814	,5.380,96.179000,0
1,MoeGatingTopKSoftmax,N/A,N/A,1789489835368230.915	,23.020,52.870000,0
1,l1_norm_kernel,N/A,N/A,1789489835368339.657	,8.660,85.730000,0
1,aclnnInplaceCopy_CastAiCore_Cast,N/A,N/A,1789489835368430.979	,1.240,82.590000,0
1,aclnnInplaceCopy_CastAiCore_Cast,N/A,N/A,1789489835368634.083	,1.200,201.760000,0
1,MoeLowLatencyDispatchV2,N/A,N/A,1789489835368745.245	,172.803,110.050000,0
1,aclnnGroupedMatmulWeightNz_GroupedMatmul_GroupedMatmul,N/A,N/A,1789489835368921.088	,269.166,2.947000,0
1,_swiglu_quant_kernel,N/A,N/A,1789489835369190.934	,17.480,0.834000,0
1,aclnnGroupedMatmulWeightNz_GroupedMatmul_GroupedMatmul,N/A,N/A,1789489835369209.434	,107.382,1.020000,0
1,aclnnInplaceCopy_CastAiCore_Cast,N/A,N/A,1789489835369318.016	,1.340,1.118000,0
1,MoeLowLatencyCombineV2,N/A,N/A,1789489835369319.396	,51.762,0.160000,0
