cu_num,token,model_dim,inter_dim,expert,topk,act_type,dtype,q_dtype_a,q_dtype_w,q_type,use_g1u1,doweight_stage1,block_m,ksplit,us1,kernelName1,err1,us2,kernelName2,err2,us,run_1stage,xbf16,flat,gfx,tflops,bw,_tag
256,1,6144,768,129,5,ActivationType.Swiglu,torch.bfloat16,torch.float8_e4m3fn,torch.float8_e4m3fn,QuantType.per_1x32,1,0,32,0,15.223,flydsl_moe1_afp8_wfp8_bf16_t32x64x256_w4_gui_kw2_fp8,0.0%,10.4127,flydsl_moe2_layout_afp8_wfp8_bf16_t32x128x256_atomic_nt_sbm32,0.0%,25.6357,0,0,0.0,gfx950,5.52,71233.22,0
256,2,6144,768,129,5,ActivationType.Swiglu,torch.bfloat16,torch.float8_e4m3fn,torch.float8_e4m3fn,QuantType.per_1x32,1,0,32,0,19.4782,flydsl_moe1_afp8_wfp8_bf16_t32x64x256_w2_gui_kw2_fp8,0.0%,14.6444,flydsl_moe2_layout_afp8_wfp8_bf16_t32x128x128_reduce_sbm32,0.0%,34.1226,0,0,0.0,gfx950,8.3,53516.79,0
256,4,6144,768,129,5,ActivationType.Swiglu,torch.bfloat16,torch.float8_e4m3fn,torch.float8_e4m3fn,QuantType.per_1x32,1,0,32,0,33.1486,flydsl_moe1_afp8_wfp8_bf16_t32x64x256_w4_gui_fp8,0.0%,23.4982,flydsl_moe2_layout_afp8_wfp8_bf16_t32x256x256_atomic_nt_sbm32,0.0%,56.6468,0,0,0.0,gfx950,10.0,32237.81,0
256,8,6144,768,129,5,ActivationType.Swiglu,torch.bfloat16,torch.float8_e4m3fn,torch.float8_e4m3fn,QuantType.per_1x32,1,0,32,0,61.2517,flydsl_moe1_afp8_wfp8_bf16_t32x128x256_w2_gui_fp8,0.0%,38.3249,flydsl_moe2_layout_afp8_wfp8_bf16_t32x128x256_atomic_nt_sbm32,0.0%,99.5766,0,0,0.0,gfx950,11.37,18340.08,0
256,16,6144,768,129,5,ActivationType.Swiglu,torch.bfloat16,torch.float8_e4m3fn,torch.float8_e4m3fn,QuantType.per_1x32,1,0,32,0,117.8179,flydsl_moe1_afp8_wfp8_bf16_t32x64x256_w2_gui_fp8,0.0%,64.7949,flydsl_moe2_layout_afp8_wfp8_bf16_t32x128x256_atomic_nt_sbm32,0.0%,182.6128,0,0,0.0,gfx950,12.4,10001.43,0
256,32,6144,768,129,5,ActivationType.Swiglu,torch.bfloat16,torch.float8_e4m3fn,torch.float8_e4m3fn,QuantType.per_1x32,1,0,32,0,193.4045,flydsl_moe1_afp8_wfp8_bf16_t32x64x256_w4_gui_kw2_fp8,0.0%,99.1019,flydsl_moe2_layout_afp8_wfp8_bf16_t32x128x256_reduce_nt_sbm32,0.0%,292.5064,0,0,0.0,gfx950,15.49,6244.94,0
256,64,6144,768,129,5,ActivationType.Swiglu,torch.bfloat16,torch.float8_e4m3fn,torch.float8_e4m3fn,QuantType.per_1x32,1,0,32,0,193.4228,flydsl_moe1_afp8_wfp8_bf16_t32x64x256_w4_gui_kw2_fp8,0.0%,101.4416,flydsl_moe2_layout_afp8_wfp8_bf16_t32x128x256_atomic_nt_sbm32,0.0%,294.8644,0,0,0.0,gfx950,30.72,6197.0,0
256,128,6144,768,129,5,ActivationType.Swiglu,torch.bfloat16,torch.float8_e4m3fn,torch.float8_e4m3fn,QuantType.per_1x32,1,0,32,0,194.1156,flydsl_moe1_afp8_wfp8_bf16_t32x64x256_w4_gui_kw2_fp8,0.0%,105.1905,flydsl_moe2_layout_afp8_wfp8_bf16_t32x128x256_atomic_nt_sbm32,0.0%,299.3061,0,0,0.0,gfx950,60.54,6108.98,0
256,256,6144,768,129,5,ActivationType.Swiglu,torch.bfloat16,torch.float8_e4m3fn,torch.float8_e4m3fn,QuantType.per_1x32,1,0,32,0,194.7306,flydsl_moe1_afp8_wfp8_bf16_t32x64x256_w4_gui_kw2_fp8,0.0%,109.0034,flydsl_moe2_layout_afp8_wfp8_bf16_t32x128x256_atomic_nt_sbm32,0.0%,303.734,0,0,0.0,gfx950,119.31,6027.69,0
256,512,6144,768,129,5,ActivationType.Swiglu,torch.bfloat16,torch.float8_e4m3fn,torch.float8_e4m3fn,QuantType.per_1x32,1,0,32,0,198.3264,flydsl_moe1_afp8_wfp8_bf16_t32x64x256_w3_gui_kw2_fp8,0.0%,113.7183,flydsl_moe2_layout_afp8_wfp8_bf16_t32x128x256_atomic_nt_sbm32,0.0%,312.0447,0,0,0.0,gfx950,232.27,5882.27,0
256,1024,6144,768,129,5,ActivationType.Swiglu,torch.bfloat16,torch.float8_e4m3fn,torch.float8_e4m3fn,QuantType.per_1x32,1,0,64,0,210.2935,flydsl_moe1_afp8_wfp8_bf16_t64x128x256_w2_gui_fp8,0.0%,132.3815,flydsl_moe2_layout_afp8_wfp8_bf16_t64x128x128_atomic_nt_sbm64,0.0%,342.675,0,0,0.0,gfx950,423.01,5384.02,0
256,2048,6144,768,129,5,ActivationType.Swiglu,torch.bfloat16,torch.float8_e4m3fn,torch.float8_e4m3fn,QuantType.per_1x32,1,0,128,0,255.6701,flydsl_moe1_afp8_wfp8_bf16_t128x128x256_w3_gui_fp8,0.0%,188.5086,flydsl_moe2_layout_afp8_wfp8_bf16_t128x128x128_atomic_nt_sbm128,0.0%,444.1787,0,0,0.0,gfx950,652.69,4196.16,0
256,4096,6144,768,129,5,ActivationType.Swiglu,torch.bfloat16,torch.float8_e4m3fn,torch.float8_e4m3fn,QuantType.per_1x32,1,0,64,0,422.9246,flydsl_moe1_afp8_wfp8_bf16_t64x128x256_w3_bnt0_gui_fp8,0.0%,286.3751,flydsl_moe2_layout_afp8_wfp8_bf16_t64x128x128_atomic_sbm64,0.0%,709.2997,0,0,0.0,gfx950,817.45,2680.94,0
256,8192,6144,768,129,5,ActivationType.Swiglu,torch.bfloat16,torch.float8_e4m3fn,torch.float8_e4m3fn,QuantType.per_1x32,1,0,64,0,589.5816,flydsl_moe1_afp8_wfp8_bf16_t64x128x256_w3_bnt0_gui_fp8,0.0%,484.3284,flydsl_moe2_layout_afp8_wfp8_bf16_t64x128x128_atomic_sbm64,0.0%,1073.91,0,0,0.0,gfx950,1079.83,1841.02,0
256,16384,6144,768,129,5,ActivationType.Swiglu,torch.bfloat16,torch.float8_e4m3fn,torch.float8_e4m3fn,QuantType.per_1x32,1,0,128,0,980.1062,flydsl_moe1_afp8_wfp8_bf16_t128x128x256_w2_bnt0_gui_fp8,0.0%,936.5075,flydsl_moe2_layout_afp8_wfp8_bf16_t64x128x128_atomic_sbm128,0.0%,1916.6137,0,0,0.0,gfx950,1210.09,1110.34,0
256,32768,6144,768,129,5,ActivationType.Swiglu,torch.bfloat16,torch.float8_e4m3fn,torch.float8_e4m3fn,QuantType.per_1x32,1,0,128,0,1725.295,flydsl_moe1_afp8_wfp8_bf16_t128x256x256_w4_bnt0_gui_xcd4_fp8,0.0%,1826.8523,flydsl_moe2_layout_afp8_wfp8_bf16_t64x128x128_atomic_sbm128,0.0%,3552.1473,0,0,0.0,gfx950,1305.85,684.11,0
256,1,6144,768,129,5,ActivationType.Swiglu,torch.bfloat16,torch.float4_e2m1fn_x2,torch.float4_e2m1fn_x2,QuantType.per_1x32,1,0,32,0,7.0000,flydsl_moe1_afp4_wfp4_bf16_t32x64x256_w3_kb12,0.0%,9.0879,flydsl_moe2_afp4_wfp4_bf16_t32x128x256_reduce,2.2%,16.0879,0,0,0.0,gfx950,5.91,76209.68,s3_small_m_sweep_2026-09-15
256,2,6144,768,129,5,ActivationType.Swiglu,torch.bfloat16,torch.float4_e2m1fn_x2,torch.float4_e2m1fn_x2,QuantType.per_1x32,1,0,32,0,10.4000,flydsl_moe1_afp4_wfp4_bf16_t32x64x256_w4_kb8,0.0%,4.4000,flydsl_moe2_afp4_wfp4_bf16_t32x256x256_reduce_bnt2,2.4%,14.8000,0,0,0.0,gfx950,9.68,62430.15,s3_small_m_sweep_2026-09-15
256,4,6144,768,129,5,ActivationType.Swiglu,torch.bfloat16,torch.float4_e2m1fn_x2,torch.float4_e2m1fn_x2,QuantType.per_1x32,1,0,32,0,15.5000,flydsl_moe1_afp4_wfp4_bf16_t32x128x256_w4_kb8,0.0%,14.3056,flydsl_moe2_afp4_wfp4_bf16_t32x256x256_reduce_bnt2_xcd4,2.1%,29.8056,0,0,0.0,gfx950,14.15,45632.43,s3_small_m_sweep_2026-09-15
256,8,6144,768,129,5,ActivationType.Swiglu,torch.bfloat16,torch.float4_e2m1fn_x2,torch.float4_e2m1fn_x2,QuantType.per_1x32,1,0,32,0,24.8000,flydsl_moe1_afp4_wfp4_bf16_t32x64x256_w2_bnt0,0.0%,13.0000,flydsl_moe2_afp4_wfp4_bf16_t32x256x256_reduce_bnt2,2.3%,37.8000,0,0,0.0,gfx950,20.11,32436.61,s3_small_m_sweep_2026-09-15
256,16,6144,768,129,5,ActivationType.Swiglu,torch.bfloat16,torch.float4_e2m1fn_x2,torch.float4_e2m1fn_x2,QuantType.per_1x32,1,0,32,0,52.4011,flydsl_moe1_afp4_wfp4_bf16_t32x64x256_w4,0.0%,32.0556,flydsl_moe2_afp4_wfp4_bf16_t32x256x256_reduce,2.3%,84.4567,0,0,0.0,gfx950,26.82,21625.16,
256,32,6144,768,129,5,ActivationType.Swiglu,torch.bfloat16,torch.float4_e2m1fn_x2,torch.float4_e2m1fn_x2,QuantType.per_1x32,1,0,32,0,65.3000,flydsl_moe1_afp4_wfp4_bf16_t32x128x256_w2,0.0%,49.6908,flydsl_moe2_afp4_wfp4_bf16_t32x256x256_atomic_bnt2,4.8%,114.9908,0,0,0.0,gfx950,33.28,13420.2,s3_small_m_sweep_2026-09-15
256,64,6144,768,129,5,ActivationType.Swiglu,torch.bfloat16,torch.float4_e2m1fn_x2,torch.float4_e2m1fn_x2,QuantType.per_1x32,1,0,32,0,96.4246,flydsl_moe1_afp4_wfp4_bf16_t32x128x256_w3,0.0%,57.4377,flydsl_moe2_afp4_wfp4_bf16_t32x128x256_atomic_bnt2_persist,4.9%,153.8623,0,0,0.0,gfx950,58.88,11876.04,
256,128,6144,768,129,5,ActivationType.Swiglu,torch.bfloat16,torch.float4_e2m1fn_x2,torch.float4_e2m1fn_x2,QuantType.per_1x32,1,0,32,0,109.7183,flydsl_moe1_afp4_wfp4_bf16_t32x128x256_w4_xcd4_fp4,0.7%,63.4458,flydsl_moe2_afp4_wfp4_bf16_t32x128x256_atomic_persist,4.9%,173.1641,0,0,0.0,gfx950,104.64,10559.08,
256,256,6144,768,129,5,ActivationType.Swiglu,torch.bfloat16,torch.float4_e2m1fn_x2,torch.float4_e2m1fn_x2,QuantType.per_1x32,1,0,64,0,112.2026,flydsl_moe1_afp4_wfp4_bf16_t64x128x256_w4_xcd4_fp4,0.7%,68.797,flydsl_moe2_afp4_wfp4_bf16_t64x128x256_reduce_bnt2,2.4%,180.9996,0,0,0.0,gfx950,200.21,10115.02,
256,512,6144,768,129,5,ActivationType.Swiglu,torch.bfloat16,torch.float4_e2m1fn_x2,torch.float4_e2m1fn_x2,QuantType.per_1x32,1,0,32,0,114.5286,flydsl_moe1_afp4_wfp4_bf16_t32x128x256_w2_fp4,0.7%,69.5365,flydsl_moe2_afp4_wfp4_bf16_t32x128x256_atomic_persist,4.9%,184.0651,0,0,0.0,gfx950,393.76,9972.19,
256,1024,6144,768,129,5,ActivationType.Swiglu,torch.bfloat16,torch.float4_e2m1fn_x2,torch.float4_e2m1fn_x2,QuantType.per_1x32,1,0,64,0,119.5258,flydsl_moe1_afp4_wfp4_bf16_t64x128x256_w2_fp4,0.7%,81.0939,flydsl_moe2_afp4_wfp4_bf16_t64x128x256_atomic_bnt2,4.9%,200.6197,0,0,0.0,gfx950,722.54,9196.35,
256,2048,6144,768,129,5,ActivationType.Swiglu,torch.bfloat16,torch.float4_e2m1fn_x2,torch.float4_e2m1fn_x2,QuantType.per_1x32,1,0,128,0,157.1149,flydsl_moe1_afp4_wfp4_bf16_t128x128x256_w4,0.0%,129.6424,flydsl_moe2_afp4_wfp4_bf16_t128x128x128_reduce,2.3%,286.7573,0,0,0.0,gfx950,1011.0,6499.73,
256,4096,6144,768,129,5,ActivationType.Swiglu,torch.bfloat16,torch.float4_e2m1fn_x2,torch.float4_e2m1fn_x2,QuantType.per_1x32,1,0,64,0,229.8108,flydsl_moe1_afp4_wfp4_bf16_t64x128x256_w4_bnt0_xcd4,0.0%,209.8656,flydsl_moe2_afp4_wfp4_bf16_t64x256x256_reduce_bnt2,2.3%,439.6764,0,0,0.0,gfx950,1318.74,4324.98,
256,8192,6144,768,129,5,ActivationType.Swiglu,torch.bfloat16,torch.float4_e2m1fn_x2,torch.float4_e2m1fn_x2,QuantType.per_1x32,1,0,128,0,351.3122,flydsl_moe1_afp4_wfp4_bf16_t128x128x256_w2_bnt0_xcd4,0.0%,376.556,flydsl_moe2_afp4_wfp4_bf16_t64x256x256_reduce_bnt2_persist_sbm128,2.3%,727.8682,0,0,0.0,gfx950,1593.2,2716.27,
256,16384,6144,768,129,5,ActivationType.Swiglu,torch.bfloat16,torch.float4_e2m1fn_x2,torch.float4_e2m1fn_x2,QuantType.per_1x32,1,0,128,0,580.0436,flydsl_moe1_afp4_wfp4_bf16_t128x128x256_w3_bnt0_xcd4,0.0%,715.428,flydsl_moe2_afp4_wfp4_bf16_t64x256x256_reduce_bnt2_sbm128,2.4%,1295.4716,0,0,0.0,gfx950,1790.3,1642.71,
256,32768,6144,768,129,5,ActivationType.Swiglu,torch.bfloat16,torch.float4_e2m1fn_x2,torch.float4_e2m1fn_x2,QuantType.per_1x32,1,0,128,0,1037.4407,flydsl_moe1_afp4_wfp4_bf16_t128x128x256_w3_bnt0_xcd4,0.0%,1397.2343,flydsl_moe2_afp4_wfp4_bf16_t64x256x256_reduce_xcd4_persist_sbm128,2.4%,2434.675,0,0,0.0,gfx950,1905.21,998.11,
